the,to,ect,and,for,of,a,you,hou,in,on,is,this,enron,i,be,Prediction
0,0,1,0,0,0,2,0,0,0,0,1,0,0,2,0,0
8,13,24,6,6,2,102,1,27,18,21,13,0,1,61,4,0
0,0,1,0,0,0,8,0,0,4,2,0,0,0,8,0,0
0,5,22,0,5,1,51,2,10,1,5,9,2,0,16,2,0
7,6,,1,5,2,57,0,9,3,12,2,2,0,30,8,0
4,5,1,4,2,3,45,1,0,,12,8,1,0,52,2,1
5,3,1,3,2,1,37,0,0,9,4,6,2,0,27,1,0
0,2,2,3,1,2,21,6,0,2,6,2,0,0,28,1,1
2,2,3,0,0,1,18,0,0,3,3,2,1,0,15,0,0
4,4,35,0,1,0,49,1,16,9,4,1,0,0,35,10,0
22,14,2,9,2,2,104,0,2,35,13,21,9,0,96,6,0
33,28,27,11,10,12,173,6,12,28,47,,7,4,160,11,0
27,17,3,7,5,8,106,3,0,22,33,16,5,0,102,7,0
4,5,7,1,5,1,37,1,3,8,8,6,1,0,43,1,0
2,4,6,0,3,1,16,0,3,6,4,1,0,0,19,1,0
6,2,1,0,2,0,36,3,1,8,4,6,3,1,27,2,0
3,1,2,2,0,1,17,0,0,1,1,0,0,0,5,0,1
36,21,6,14,7,17,194,25,5,59,37,16,5,0,190,17,1
1,3,1,0,2,0,14,0,0,1,1,5,3,0,13,2,0
3,4,11,0,4,2,32,1,5,1,3,9,5,0,25,3,0
0,0,1,1,0,0,15,1,0,2,0,1,0,0,7,1,0
5,1,13,2,3,1,36,2,5,5,6,5,0,0,27,3,0
0,3,6,0,5,0,30,0,2,6,17,0,0,13,15,3,0
4,0,1,0,2,1,15,1,0,8,1,2,1,0,13,0,0
0,0,1,0,4,0,10,0,0,1,2,1,0,0,2,0,0
12,53,2,14,18,14,287,0,2,86,50,47,6,0,300,7,1
5,4,1,1,4,4,51,0,1,8,6,6,2,0,44,6,0
1,1,2,0,1,0,14,1,0,0,9,1,0,3,13,0,0
18,14,2,3,1,5,87,3,1,16,18,9,0,3,66,1,0
9,11,47,2,3,11,83,2,22,12,23,8,5,0,59,4,0
6,0,1,0,1,7,28,0,0,5,12,2,1,0,19,2,0
0,1,1,0,0,0,8,0,0,2,1,1,0,0,11,0,1
21,14,43,22,9,6,191,15,19,27,47,47,11,0,137,20,0
7,8,10,0,1,0,50,0,4,9,8,11,5,0,45,3,0
6,6,4,0,1,0,39,0,1,8,7,10,5,0,37,2,0
3,2,1,0,1,1,25,1,0,4,5,2,1,0,15,1,0
11,6,7,5,4,1,71,4,5,3,11,7,3,0,45,3,0
5,1,2,1,1,0,19,1,0,0,7,1,0,3,16,2,0
7,2,1,3,1,3,27,1,1,3,4,3,1,0,18,1,0
8,4,1,2,4,1,38,6,0,11,1,4,0,0,65,2,1
2,3,1,5,1,0,45,0,0,8,6,10,2,0,37,2,1
5,5,8,2,2,0,41,1,4,2,6,4,1,0,21,3,0
4,1,1,0,0,0,23,2,0,5,4,1,0,0,24,2,0
2,8,20,4,5,2,57,7,10,10,10,7,6,0,39,17,0
7,8,3,7,6,0,48,3,1,7,5,9,5,0,30,1,0
7,7,2,7,5,5,61,8,1,10,6,2,0,0,58,0,1
4,0,1,0,4,0,21,0,0,6,2,0,0,1,9,1,0
16,13,4,0,13,3,91,14,0,11,24,11,0,4,70,1,0
13,9,3,2,6,3,48,3,0,10,17,8,1,3,48,4,0
2,6,1,1,3,0,56,0,0,4,19,0,0,0,17,3,0
5,5,1,1,2,2,23,0,3,4,12,1,0,0,22,0,0
3,3,1,1,0,3,37,2,0,4,6,4,0,0,29,2,1
10,8,1,1,6,9,52,7,0,12,9,4,0,0,51,9,0
1,1,1,2,0,1,52,0,0,2,4,2,0,0,30,1,1
60,38,7,17,23,11,278,17,0,45,55,26,1,6,186,14,0
0,1,2,0,1,0,13,1,0,0,8,0,0,3,8,1,0
0,5,2,0,1,0,12,0,2,0,9,0,0,3,10,4,0
2,3,1,2,1,0,17,6,0,4,2,4,2,0,13,1,1
0,1,6,2,1,0,21,0,2,1,6,1,0,2,16,0,0
0,0,1,1,0,0,5,0,0,1,1,0,0,0,5,0,0
0,4,2,0,1,1,22,2,0,6,3,4,0,0,26,1,1
0,1,1,0,4,1,15,4,1,4,3,3,0,0,19,2,1
5,4,8,4,5,1,46,1,1,12,17,3,0,4,54,0,0
0,1,8,0,1,0,13,0,3,1,5,1,0,2,11,0,0
1,5,2,0,0,3,65,4,0,10,12,6,0,0,42,3,1
16,7,1,2,5,2,52,1,1,19,3,2,1,0,37,2,0
0,0,1,0,1,0,3,0,0,1,1,0,0,0,3,1,0
11,10,15,6,7,6,80,0,11,10,31,5,0,0,63,2,0
2,5,2,0,0,0,43,0,0,5,7,1,0,0,32,1,1
23,12,11,3,15,2,128,1,6,28,28,11,4,0,79,6,0
2,1,1,0,0,0,8,1,0,3,6,3,1,0,18,0,0
0,6,1,0,0,0,19,0,0,5,7,4,0,0,27,0,1
0,2,1,4,1,0,37,4,0,6,14,4,0,0,43,2,1
0,0,1,0,0,0,7,0,0,4,3,0,0,0,6,0,0
6,3,1,1,1,3,26,0,0,2,4,3,1,0,25,1,1
0,1,2,0,1,0,13,0,0,0,5,0,0,3,7,1,0
5,3,1,1,1,2,22,0,0,7,1,6,1,0,18,0,0
9,3,1,2,2,4,28,0,0,8,5,10,2,0,27,0,0
3,1,1,0,1,1,19,0,0,2,6,1,1,0,12,2,0
13,11,5,4,9,12,168,7,0,27,39,21,1,0,178,2,1
3,0,1,1,0,1,10,1,0,4,0,1,0,0,10,2,0
0,0,1,0,0,0,5,0,1,0,1,1,0,0,9,1,1
1,1,1,1,1,0,13,1,0,3,3,2,0,0,16,1,0
12,15,1,12,7,1,231,10,0,51,33,4,1,0,290,3,1
7,1,4,2,0,2,28,1,1,6,6,6,1,0,21,2,0
8,3,13,4,2,4,45,1,7,3,5,5,2,0,22,2,0
0,0,1,0,1,0,3,0,0,0,2,0,0,2,0,1,0
0,1,1,0,0,0,3,0,0,0,0,0,0,0,4,0,1
0,0,1,0,1,0,3,0,0,1,1,0,0,0,3,1,0
3,2,1,0,2,0,18,1,0,0,2,0,0,0,3,2,0
1,0,1,0,0,0,4,0,0,0,0,0,0,0,0,1,0
8,5,2,0,2,0,34,1,0,6,4,3,2,0,18,2,0
22,15,2,13,3,13,172,17,1,24,34,17,5,0,118,10,1
19,23,4,20,12,11,190,12,0,28,28,14,0,0,125,8,1
6,10,17,2,4,1,68,2,8,17,21,6,1,7,54,6,0
17,15,29,5,8,2,128,3,14,25,35,18,5,8,99,7,0
8,6,8,0,2,0,48,1,2,6,7,3,2,2,23,2,0
3,1,1,0,2,0,11,0,0,1,3,1,0,0,6,0,0
2,1,1,0,1,2,20,0,0,6,3,1,1,0,14,2,0
3,3,1,1,0,3,35,2,0,4,6,4,0,0,28,0,1
3,2,1,2,2,1,24,0,1,4,1,3,2,0,15,0,0
2,2,2,0,2,0,19,1,0,3,4,3,0,0,16,2,1
1,3,1,2,2,0,24,2,0,3,4,0,0,0,23,3,1
0,0,1,0,0,0,4,0,0,0,1,1,0,0,1,0,1
0,1,2,1,2,2,25,1,1,3,3,4,0,0,23,0,1
1,0,1,1,3,1,23,0,0,4,3,3,1,0,22,3,0
7,12,1,2,5,8,55,7,0,19,12,4,2,2,49,1,0
35,32,9,23,15,33,314,0,2,97,78,33,5,0,342,10,1
5,5,16,2,5,1,51,0,8,5,4,5,2,2,25,0,0
1,5,3,0,0,0,43,0,0,5,8,3,0,0,33,3,1
1,1,1,0,0,0,9,1,0,1,2,1,0,0,7,1,0
31,26,4,21,16,13,189,3,3,31,48,40,16,1,173,13,0
5,2,2,1,0,1,18,2,0,1,0,0,0,0,6,1,0
24,11,23,2,11,2,110,6,9,39,27,13,0,5,105,4,0
1,2,1,2,2,0,14,1,0,1,2,1,0,0,7,4,0
33,16,8,7,16,21,387,11,0,45,88,40,7,0,294,5,1
2,0,1,0,1,1,15,1,0,1,1,0,0,0,4,0,0
1,3,7,2,1,1,20,0,4,3,5,3,1,1,15,4,0
14,12,12,6,8,3,98,3,5,17,24,14,4,0,88,6,0
9,7,1,4,4,3,35,1,0,15,7,3,2,2,34,4,0
6,7,11,5,2,1,62,4,3,12,15,8,1,3,48,7,0
0,2,1,1,0,1,55,0,0,4,6,2,0,0,34,1,1
0,2,1,1,3,1,14,0,1,1,3,4,3,0,10,1,0
2,2,1,1,1,0,22,3,0,0,2,3,2,0,8,0,0
0,0,1,0,1,0,7,0,0,0,3,0,0,3,2,0,0
1,1,1,0,1,0,6,0,0,0,1,1,0,0,1,0,0
1,3,2,1,1,0,11,1,0,0,7,0,0,3,7,1,0
11,12,3,3,3,2,52,1,2,7,6,7,5,0,45,2,0
0,1,1,0,0,0,18,1,1,0,0,6,3,0,12,0,0
0,0,1,0,0,0,0,0,0,1,0,0,0,0,2,0,1
1,0,1,1,1,0,16,1,0,3,5,2,0,0,14,2,1
5,16,2,1,0,0,42,0,0,6,13,3,0,0,31,0,0
2,2,3,2,0,1,10,1,0,4,1,1,0,0,13,0,0
3,3,2,1,0,3,27,2,0,3,7,3,0,0,25,0,1
3,2,2,3,0,1,30,2,1,3,5,2,1,0,23,2,1
0,1,1,2,0,0,18,1,2,2,1,1,0,0,8,2,0
8,1,1,3,4,1,33,2,0,8,0,3,1,0,24,1,0
0,1,2,0,1,0,13,0,0,0,7,3,0,3,9,0,0
0,1,2,0,1,0,11,0,0,0,5,0,0,3,7,1,0
2,4,1,2,1,0,41,0,0,11,8,3,0,1,27,2,0
31,36,62,9,25,14,275,13,26,38,60,37,5,6,214,17,0
15,22,47,5,6,6,121,0,21,26,21,20,1,2,104,12,0
3,5,10,0,5,0,32,5,3,3,9,2,1,3,24,5,0
14,12,7,6,4,2,122,5,3,13,19,15,5,2,78,7,0
1,0,1,0,0,0,3,0,0,0,0,0,0,0,0,1,0
0,0,1,0,0,0,11,2,0,0,0,2,1,0,11,0,0
4,12,4,9,7,1,214,2,0,24,35,24,0,0,197,7,1
1,2,1,3,1,0,28,3,0,1,7,2,1,1,14,0,0
0,3,4,1,0,1,40,0,0,5,8,1,0,0,39,3,1
5,11,1,2,2,5,49,11,2,12,3,5,3,0,43,4,1
0,1,2,0,3,0,15,0,0,0,5,0,0,3,7,1,0
0,5,1,3,1,0,31,0,0,7,1,2,1,0,14,4,0
0,1,1,0,1,0,4,0,0,0,1,0,0,0,0,0,1
18,9,3,3,2,1,67,2,2,14,16,8,6,0,67,5,0
2,7,12,6,2,1,62,4,5,10,7,8,4,0,35,6,0
2,3,2,0,3,3,25,0,1,8,4,4,1,0,27,0,0
2,6,12,1,4,3,48,0,6,11,7,6,2,2,38,1,0
3,4,2,2,1,2,28,2,0,4,6,5,2,0,30,4,0
1,8,8,5,5,1,192,1,1,39,33,24,0,0,189,14,1
4,9,3,5,5,0,178,2,0,27,22,11,0,0,130,10,1
26,10,3,14,2,7,97,5,1,38,19,17,4,0,107,8,0
2,3,1,4,2,0,28,3,0,6,4,1,0,1,16,2,0
0,1,1,0,0,0,4,0,0,0,0,0,0,0,0,0,0
0,1,1,0,3,0,18,0,0,3,5,4,1,0,11,1,0
10,6,18,3,7,5,72,0,9,12,13,21,3,2,46,1,0
2,1,1,0,0,3,33,1,0,4,6,0,0,0,12,1,0
0,1,1,0,0,0,6,0,0,1,1,0,0,0,5,1,1
2,2,2,1,5,1,24,2,0,5,6,4,0,0,30,2,1
10,9,3,2,3,3,38,3,0,19,8,4,2,0,41,3,0
1,0,1,0,0,1,23,0,0,4,4,1,0,0,26,1,1
21,23,1,11,11,3,127,0,1,19,25,29,16,1,110,10,0
11,11,1,3,5,5,81,3,0,12,15,7,2,0,67,6,0
0,2,1,0,0,0,45,1,0,4,5,4,0,0,33,3,1
0,1,1,0,0,1,7,0,0,1,1,0,0,0,5,0,1
29,28,6,16,12,4,150,1,2,28,33,33,18,3,135,10,0
2,6,2,2,4,7,33,2,1,8,9,10,4,0,37,3,1
22,17,2,9,8,8,163,18,3,41,31,25,3,0,173,15,0
2,0,1,0,1,0,4,1,0,1,0,1,0,0,2,0,0
13,6,2,4,4,7,69,5,0,14,9,9,2,0,47,2,0
40,41,79,11,35,18,341,16,33,43,79,46,6,13,257,20,0
0,0,1,0,1,0,6,1,0,0,1,0,0,0,5,1,0
1,0,1,0,0,0,1,0,0,0,0,0,0,0,0,1,0
14,34,45,5,28,3,228,6,18,25,41,36,23,0,135,13,0
2,2,2,1,5,0,20,2,0,5,6,4,0,0,28,2,1
1,0,1,0,0,0,8,0,0,0,0,1,0,0,5,1,0
3,2,1,0,6,1,24,5,1,3,5,0,0,0,17,0,0
4,2,7,3,5,0,37,1,4,1,4,3,3,0,13,5,0
18,9,16,5,7,3,81,1,9,6,13,6,3,2,32,11,0
1,1,1,0,0,0,14,4,0,4,2,0,0,0,15,0,1
9,7,1,5,1,4,41,3,2,14,10,8,2,0,54,5,0
5,2,1,1,4,0,31,3,0,8,3,5,2,0,27,0,1
5,6,1,1,3,3,48,3,0,13,13,10,3,0,64,1,1
1,1,1,1,0,1,15,0,0,0,2,2,0,0,4,1,0
5,0,1,2,2,0,12,1,0,2,4,4,3,0,9,1,0
0,0,2,0,2,0,12,2,0,5,4,2,0,0,13,0,1
9,3,2,1,5,1,38,1,1,4,2,0,0,0,20,3,0
35,18,4,17,13,15,178,11,1,36,30,23,10,0,156,14,1
0,0,1,0,1,0,5,0,0,1,1,0,0,0,3,0,0
0,0,2,0,2,0,12,2,0,4,4,2,0,0,11,0,1
2,2,2,0,2,0,23,1,1,8,8,1,1,0,19,0,0
15,37,51,5,31,3,250,6,22,26,47,37,24,0,144,16,0
36,51,13,9,15,21,337,15,2,90,75,17,2,0,306,10,1
4,2,2,3,3,5,47,3,0,8,10,8,2,2,54,4,0
4,8,1,1,2,3,22,3,0,5,0,2,0,0,23,1,1
0,0,1,0,1,0,5,0,0,1,1,0,0,0,3,0,0
9,7,1,5,1,0,58,4,0,17,8,3,0,0,47,4,0
23,12,11,4,7,2,120,6,2,20,14,8,2,0,73,4,0
15,8,4,12,11,14,191,0,1,51,51,20,3,6,199,7,0
3,7,2,2,2,1,32,7,0,2,5,5,0,0,31,1,1
0,3,2,0,1,0,13,0,0,0,5,0,0,3,9,1,0
1,1,1,0,0,0,13,0,0,3,4,1,1,0,15,0,0
7,11,1,1,3,0,93,3,2,5,18,6,3,0,50,2,0
13,15,36,5,9,2,117,1,16,19,26,17,9,6,79,6,0
0,1,1,0,0,0,0,1,0,0,1,0,0,0,2,0,1
17,28,13,4,12,2,170,11,8,18,35,13,8,6,96,7,0
8,9,1,6,4,6,62,8,2,16,8,4,0,0,65,2,1
0,1,2,0,1,0,13,0,0,0,7,0,0,3,7,1,0
1,0,1,0,0,0,0,0,0,0,0,0,0,0,0,1,0
5,1,1,1,2,0,18,1,0,1,3,3,1,0,12,0,0
5,5,1,2,1,1,22,3,0,6,3,2,0,0,22,1,0
46,28,33,10,8,10,253,14,14,39,43,7,3,0,138,10,0
0,3,5,2,2,0,29,4,1,7,10,4,2,4,25,2,0
10,9,19,0,3,7,80,1,8,11,17,11,6,5,57,1,0
0,3,2,0,1,0,11,0,0,2,7,0,0,3,11,1,0
30,26,5,14,4,9,204,1,1,28,56,19,4,15,135,10,0
61,50,39,20,13,15,282,1,20,78,70,33,12,11,288,40,0
3,1,1,0,2,1,19,0,0,1,6,1,0,0,9,1,0
0,2,1,0,0,0,14,0,0,1,1,1,0,0,8,1,1
0,1,2,0,1,0,13,0,0,0,5,0,0,3,7,1,0
16,17,13,5,4,11,123,5,5,18,29,13,4,7,85,9,0
4,0,1,2,3,0,15,0,1,2,3,2,1,0,8,2,0
11,8,61,2,9,1,102,2,30,16,20,3,0,4,34,5,0
0,0,1,0,0,0,3,1,0,0,1,0,0,0,1,0,1
1,1,1,0,2,0,16,1,1,5,3,1,0,0,12,0,0
1,4,14,0,2,0,29,1,7,7,7,2,0,2,20,0,0
11,11,1,7,8,7,115,8,1,26,22,15,5,0,117,11,1
5,0,1,1,4,3,20,0,0,3,5,3,1,0,17,2,0
2,2,2,0,2,0,19,1,0,2,4,3,0,0,17,2,1
13,9,1,13,5,5,87,0,0,20,36,6,0,0,50,12,0
1,0,1,0,2,0,10,1,0,0,4,1,0,0,6,0,0
13,7,2,4,2,5,36,4,2,8,11,3,2,0,33,1,0
9,5,17,5,7,0,62,2,9,4,6,3,2,1,31,3,0
1,4,13,0,1,0,21,0,6,4,6,1,0,2,22,0,0
4,7,13,0,2,4,49,2,6,7,14,7,1,2,42,2,0
20,15,2,13,9,7,141,18,0,20,36,10,2,10,104,3,0
22,17,2,14,9,10,153,18,0,22,40,12,3,11,114,3,0
1,1,2,0,0,1,10,0,0,3,6,2,0,0,7,2,0
99,88,13,69,39,57,843,7,4,223,125,61,15,0,754,30,1
0,1,2,0,1,0,11,0,0,0,7,0,0,3,6,0,0
2,1,1,2,2,2,19,2,0,9,3,0,0,0,21,1,1
22,10,1,3,4,4,85,1,1,14,12,11,4,0,55,11,0
0,0,1,0,0,0,6,0,0,0,2,0,0,0,0,0,0
0,0,1,0,1,0,5,0,0,1,1,0,0,0,3,0,0
9,4,1,0,5,6,25,0,0,10,6,0,0,0,33,3,0
5,4,1,0,1,2,22,0,0,10,4,4,0,0,26,2,0
1,3,1,4,2,0,58,3,1,9,6,4,0,0,45,2,1
4,0,1,0,4,0,16,0,0,6,2,0,0,1,9,1,0
5,9,2,6,2,5,74,3,0,27,11,10,1,0,82,3,0
4,4,1,0,1,1,16,1,0,1,1,3,1,0,13,1,0
1,1,1,0,0,0,66,0,0,5,2,2,0,0,64,3,1
3,0,1,1,0,0,8,0,1,3,2,1,0,0,7,2,0
5,2,18,2,6,1,59,0,8,14,27,0,0,22,37,3,0
2,1,1,0,1,4,18,1,0,0,1,1,0,0,11,1,0
2,16,7,9,2,1,194,2,0,30,32,18,0,0,176,4,1
0,1,2,0,1,0,15,0,0,0,5,0,0,3,8,1,0
0,0,1,0,0,0,2,0,0,0,0,0,0,0,1,0,1
0,1,2,0,1,0,9,0,0,0,5,0,0,3,7,1,0
4,3,1,3,3,1,34,0,0,8,1,5,1,0,27,1,0
5,6,6,1,4,2,30,1,3,7,9,4,1,0,30,1,0
6,6,1,4,11,3,52,17,1,15,13,1,0,1,49,5,0
0,1,2,0,1,0,7,0,0,0,5,0,0,3,7,1,0
0,0,1,0,1,0,4,0,0,1,1,2,1,0,5,0,0
6,1,2,0,0,2,19,1,0,1,2,1,1,0,9,1,0
0,1,2,0,1,0,15,0,0,0,5,0,0,3,7,1,0
9,9,4,2,6,3,50,7,1,9,6,5,1,0,40,7,0
1,4,9,1,1,1,16,0,4,3,11,4,0,8,14,0,0
50,67,16,21,15,29,412,15,3,138,76,29,3,0,384,14,1
0,1,2,0,1,0,9,0,0,0,7,0,0,3,6,0,0
3,7,10,1,1,2,41,0,4,4,7,6,1,0,21,3,0
0,2,9,0,3,0,20,1,3,1,5,0,0,2,10,1,0
6,0,2,2,3,1,21,3,0,3,4,4,0,0,19,1,0
1,5,1,0,1,0,22,2,0,2,1,0,0,0,12,0,1
1,2,2,1,1,0,11,1,0,1,2,0,0,0,8,0,0
8,3,9,2,5,1,41,4,3,6,15,6,0,0,33,4,0
9,5,1,4,4,2,42,0,0,7,8,1,0,0,23,4,0
3,5,2,0,1,0,26,5,0,2,2,4,2,0,32,1,0
1,2,2,0,1,0,9,0,0,0,8,2,0,3,9,0,0
4,2,3,0,4,0,26,0,0,0,14,3,0,6,18,1,0
6,14,5,5,9,7,119,4,3,18,29,10,0,0,114,5,1
4,6,1,1,3,2,46,3,0,13,13,10,3,0,67,1,1
7,3,1,0,4,2,28,1,0,3,3,0,0,0,11,2,0
1,0,1,0,2,0,14,0,0,5,8,2,0,0,12,0,0
3,4,33,0,2,0,40,0,15,8,13,1,0,5,28,0,0
7,7,11,4,5,2,59,10,3,11,12,2,1,0,53,8,0
10,6,18,6,2,1,70,1,9,11,17,10,4,0,40,3,0
1,0,1,0,0,0,7,0,0,0,0,0,0,0,0,1,0
1,1,1,0,0,1,18,1,0,3,1,3,2,0,19,2,0
0,0,1,0,0,0,2,0,0,0,0,0,0,0,2,0,1
5,7,3,0,1,1,43,7,0,4,5,5,2,0,52,3,0
1,1,1,0,0,0,18,2,0,3,5,1,0,0,11,3,0
2,1,1,0,1,1,15,2,0,2,3,2,0,0,8,0,0
3,2,1,1,1,0,22,1,0,3,4,4,2,0,15,1,0
0,0,1,0,0,0,0,0,0,0,0,0,0,0,0,0,1
1,0,1,0,1,0,6,0,0,0,2,1,0,0,5,1,0
1,3,1,2,3,0,11,0,0,4,2,1,0,0,8,0,0
9,2,1,0,5,2,37,0,0,4,13,3,2,0,28,1,0
1,7,1,0,0,3,17,3,0,4,2,3,2,0,19,3,1
0,0,1,0,0,0,1,0,0,1,0,0,0,0,2,0,1
53,43,6,54,18,29,340,0,1,87,98,23,1,28,372,4,0
19,13,6,24,8,17,220,0,1,59,48,14,2,10,221,3,0
18,10,7,15,10,16,132,0,1,41,26,7,3,7,152,4,0
0,1,1,0,0,0,0,1,1,1,0,0,0,0,3,0,1
0,3,2,0,1,0,11,0,0,4,7,0,0,3,13,1,0
0,1,1,0,0,1,5,0,0,1,0,0,0,0,5,0,0
7,4,1,4,3,1,23,2,0,6,4,1,0,0,21,2,0
6,5,2,3,1,1,34,8,0,5,1,5,2,0,21,1,0
13,7,5,2,6,1,54,4,2,4,8,6,1,0,29,3,0
3,4,3,1,3,0,25,0,0,5,7,4,2,2,21,2,0
2,3,2,1,2,0,15,0,0,3,3,3,2,0,11,1,0
9,7,1,0,1,2,46,2,0,11,12,7,3,0,44,5,0
10,12,4,6,8,6,187,5,0,26,28,23,2,0,171,5,0
2,1,2,0,3,0,9,0,0,0,7,0,0,3,6,0,0
5,10,3,8,4,2,189,2,0,30,26,11,0,0,147,9,1
4,6,1,1,3,2,56,3,0,13,13,12,3,0,67,1,1
2,4,3,3,0,1,33,4,0,10,7,7,0,0,34,1,1
0,3,2,0,1,0,11,0,0,4,7,0,0,3,13,1,0
0,0,1,0,1,3,14,0,0,1,2,1,0,0,23,0,1
4,4,2,2,6,6,33,9,1,6,4,3,0,0,30,1,1
2,3,2,1,2,0,28,1,0,5,5,2,0,0,13,1,0
2,2,1,0,4,0,28,1,0,2,2,1,1,0,12,1,0
7,4,1,3,3,2,32,3,0,4,2,8,3,0,29,2,0
0,2,1,4,0,0,20,4,0,5,1,3,0,0,17,1,1
13,6,8,3,6,5,58,6,3,10,11,16,7,2,61,3,0
2,3,1,2,3,4,29,3,0,2,9,2,0,0,43,1,1
3,2,1,0,0,2,16,1,0,0,2,1,1,0,5,0,0
15,7,17,7,8,5,74,7,7,10,15,21,8,4,74,4,0
2,6,2,2,1,0,127,1,2,22,14,9,0,0,104,3,1
14,15,2,4,3,1,56,1,0,18,10,2,1,0,47,2,0
0,1,1,0,0,0,28,0,0,5,5,0,0,0,18,0,1
24,12,2,18,2,2,82,5,0,17,12,13,2,0,71,4,0
3,4,2,2,4,6,22,3,1,4,1,3,1,0,19,1,0
0,3,1,0,0,1,23,0,0,8,4,1,0,0,20,0,1
13,17,3,2,8,11,103,31,0,26,14,8,3,0,97,9,0
20,14,5,4,7,12,89,19,0,25,13,9,3,0,76,5,0
3,3,3,1,2,0,32,3,1,2,5,2,0,1,14,3,0
23,10,32,2,2,2,115,3,14,17,31,9,4,2,93,5,0
0,2,1,0,0,0,69,0,0,3,5,2,0,0,58,1,1
6,2,3,2,2,2,27,2,0,6,3,3,0,0,25,1,0
0,1,2,2,1,0,15,0,0,0,5,0,0,3,13,1,0
39,38,3,10,17,11,125,22,3,44,27,17,10,0,138,17,0
33,24,9,39,21,14,355,0,3,94,104,44,0,9,342,6,0
0,2,1,0,0,0,17,0,0,0,3,0,0,0,30,1,1
3,4,2,2,1,4,28,0,1,7,4,3,2,0,30,2,0
4,5,1,2,1,0,11,2,0,2,3,1,0,0,13,1,0
1,2,7,0,2,1,22,2,3,3,1,2,0,0,7,1,0
1,2,1,0,0,0,5,0,0,0,2,0,0,0,0,0,0
12,14,3,6,2,2,123,7,1,9,20,13,4,0,76,2,1
2,4,1,0,1,0,23,1,1,7,9,3,0,0,15,1,0
1,2,2,3,3,1,29,7,0,2,2,4,2,0,25,1,1
4,1,1,1,2,1,12,0,1,0,4,1,0,0,6,2,0
6,4,7,3,4,9,45,1,1,8,11,4,1,0,42,2,0
0,1,2,0,1,0,7,0,0,0,6,0,0,2,6,0,0
1,5,1,0,2,1,12,0,0,7,4,2,1,0,18,0,0
1,2,1,1,0,1,17,4,1,4,1,0,0,0,11,1,1
7,5,2,11,6,2,80,5,0,21,14,5,0,5,60,5,0
0,1,2,0,1,0,9,0,0,0,3,0,0,1,7,1,0
30,31,6,19,14,27,236,3,3,62,46,36,7,0,245,10,1
11,2,1,0,7,4,47,1,0,10,16,3,2,0,36,1,0
5,6,2,1,1,0,49,0,0,7,3,1,0,0,27,2,0
0,1,2,0,1,0,7,0,0,0,3,0,0,1,7,1,0
4,1,2,1,0,0,21,1,3,6,6,2,1,0,15,1,0
5,9,3,6,8,1,87,0,2,17,26,7,0,6,91,4,0
3,4,1,1,2,1,11,3,1,1,10,0,0,0,7,0,1
2,2,7,0,9,0,56,3,2,6,6,1,0,0,28,4,0
0,1,2,0,0,0,19,1,0,7,6,1,0,3,16,0,0
9,3,1,1,1,0,18,1,1,4,0,1,0,0,11,1,0
0,2,1,1,0,0,8,0,0,0,0,0,0,0,12,0,1
13,9,1,5,3,2,98,1,0,21,18,4,0,0,110,4,1
3,2,7,2,6,0,45,1,0,7,6,2,1,0,17,1,0
3,1,1,1,0,3,17,1,0,3,1,0,0,0,14,2,0
1,1,1,0,0,0,2,0,0,1,0,1,0,0,2,0,1
1,0,1,0,0,0,4,0,0,0,1,1,0,0,4,0,0
11,3,37,1,5,3,76,2,18,14,13,5,1,0,51,5,0
11,2,2,5,2,1,61,0,1,8,12,5,1,0,27,0,0
2,7,4,11,6,2,108,10,1,26,19,7,1,0,102,5,1
0,4,1,1,2,0,12,0,0,3,3,0,0,0,4,0,0
0,0,1,0,0,0,1,0,0,0,1,0,0,0,1,0,1
0,0,1,0,0,0,3,0,0,0,0,0,0,0,1,0,0
2,11,6,2,1,0,188,1,0,28,30,21,0,0,160,13,1
9,14,3,5,9,5,92,4,0,22,18,10,4,3,82,8,0
64,34,11,45,29,36,373,2,4,91,128,51,4,0,477,24,1
8,14,3,7,4,6,291,6,0,29,280,5,0,0,256,1,1
0,5,2,0,1,0,13,0,0,2,5,0,0,1,11,1,0
12,9,16,1,4,4,63,1,7,7,4,5,3,0,38,7,0
9,5,7,0,2,1,27,2,4,7,9,10,2,2,30,2,0
1,0,1,0,1,0,2,0,0,6,3,2,0,0,19,0,1
1,6,2,4,1,1,20,2,0,5,5,0,0,0,14,0,0
0,2,1,1,2,2,15,1,0,2,1,4,1,0,17,3,1
10,3,1,1,1,0,22,3,1,7,1,2,0,0,21,2,0
0,1,2,0,1,0,13,0,0,0,3,0,0,1,7,1,0
7,28,10,20,7,3,569,3,6,97,82,43,0,0,453,19,1
9,7,13,0,3,1,40,2,7,9,10,12,2,2,35,2,0
13,5,2,0,3,3,42,4,0,6,8,2,1,0,23,2,0
1,5,5,1,1,0,35,0,2,7,4,2,0,0,13,2,0
31,28,2,14,6,5,132,3,4,35,18,16,3,1,116,14,0
16,6,15,0,10,6,83,2,7,17,24,7,4,2,64,3,0
1,2,1,1,1,1,44,1,0,5,3,6,0,0,41,2,1
3,0,2,0,2,1,18,1,0,2,2,4,2,0,11,2,0
3,0,1,0,0,0,15,1,0,0,3,3,1,0,10,0,0
57,25,19,10,12,7,183,8,14,52,37,36,17,4,161,10,0
18,8,2,6,4,4,125,16,2,23,11,7,1,0,95,3,0
210,111,8,83,37,77,951,42,5,191,147,110,32,0,858,44,0
0,0,1,0,1,0,3,0,0,0,0,0,0,0,1,0,0
0,1,2,0,1,0,9,0,0,0,6,0,0,2,6,0,0
0,0,1,0,0,0,3,0,0,0,1,0,0,0,2,0,0
21,6,4,6,6,2,60,0,1,18,5,7,0,0,66,4,0
1,1,1,1,1,0,10,1,0,3,0,2,0,0,11,1,1
7,7,20,0,6,0,58,1,9,9,18,9,3,5,33,5,0
11,3,1,2,3,1,46,1,1,13,9,5,0,1,48,0,0
1,6,1,0,2,1,12,0,0,8,2,0,0,1,14,0,0
1,0,1,0,0,0,2,0,0,2,0,1,0,0,5,0,0
2,4,8,0,3,1,16,0,4,6,5,2,0,0,20,0,0
5,1,9,1,2,3,42,1,4,7,10,4,1,0,29,3,0
0,0,1,0,1,0,5,0,0,0,0,0,0,0,4,0,1
8,3,1,2,2,2,23,2,0,11,5,8,4,0,29,2,0
2,1,1,1,0,1,7,1,0,1,0,0,0,0,4,0,0
41,37,92,16,35,5,376,12,38,76,64,33,10,0,205,33,0
1,4,1,1,2,1,9,0,0,5,1,2,0,0,9,0,0
10,11,11,4,5,2,50,4,4,14,13,9,5,3,40,3,0
1,1,1,0,0,0,8,1,0,0,1,1,1,0,4,0,0
7,6,1,2,10,4,61,12,0,18,20,13,8,0,76,5,1
6,4,3,4,3,2,55,0,2,11,6,9,1,0,62,8,1
9,15,2,8,4,9,84,6,0,10,20,7,2,0,71,5,0
1,0,1,2,1,2,33,1,1,6,5,2,0,0,37,2,1
2,2,1,0,1,1,9,2,1,1,2,0,0,0,10,1,0
4,2,2,0,0,3,22,1,1,6,3,0,0,0,12,0,0
5,7,2,2,1,1,57,0,1,8,6,3,3,0,26,7,0
0,0,2,0,0,0,0,0,0,1,1,0,0,0,2,0,1
7,8,2,4,3,17,58,1,0,22,13,11,4,0,84,7,1
2,4,1,1,2,2,19,0,0,6,4,2,0,0,13,1,0
1,0,1,0,0,0,3,0,0,0,0,0,0,0,3,0,0
11,9,7,1,2,0,40,5,2,1,4,2,2,0,17,0,0
5,5,1,0,2,2,25,1,0,5,2,2,0,0,20,0,0
2,3,4,0,5,0,35,0,0,0,10,0,0,3,21,3,0
0,0,1,0,0,0,0,0,0,0,0,0,0,0,0,0,1
5,1,1,1,7,0,19,1,0,1,10,8,2,0,17,2,0
7,17,3,4,8,5,85,19,0,26,13,20,10,0,88,3,0
19,5,5,8,3,3,80,4,0,23,13,4,2,0,53,4,0
2,4,2,1,0,2,58,1,1,4,10,5,0,0,43,2,1
0,1,2,0,3,0,26,0,0,1,6,3,0,2,18,0,0
1,4,1,0,0,1,13,1,0,4,0,3,2,0,16,1,1
1,1,1,0,1,0,7,0,0,0,2,0,0,0,3,0,0
4,5,5,2,1,2,40,2,3,5,2,1,0,0,22,2,0
1,3,1,0,0,9,44,6,0,5,7,3,0,0,46,4,1
0,4,1,1,1,2,23,7,0,6,3,2,1,0,21,0,1
15,17,25,11,6,3,134,1,14,29,20,13,8,0,89,14,0
14,12,6,6,4,4,55,4,3,18,7,11,3,0,60,3,0
7,13,1,4,10,6,83,16,1,21,11,7,2,0,73,3,0
3,14,13,1,5,2,56,5,7,7,11,5,4,5,26,7,0
0,0,1,0,0,0,3,0,0,0,0,0,0,0,0,0,0
2,4,1,1,2,2,20,0,0,6,4,2,0,0,14,1,0
3,4,3,5,4,0,52,13,1,12,6,11,5,0,57,3,1
5,10,2,4,1,10,68,1,1,19,10,0,0,0,82,7,1
4,16,2,2,11,1,79,18,0,28,12,12,6,0,80,5,0
0,1,2,0,1,0,9,0,0,0,6,0,0,2,6,0,0
2,3,1,4,2,3,34,6,1,4,3,3,1,0,23,1,0
4,5,1,0,5,1,28,1,0,1,3,1,0,2,14,1,0
2,2,2,0,0,0,17,1,0,2,1,0,0,0,8,0,0
7,16,5,0,5,4,62,1,1,15,20,1,1,5,59,0,0
3,8,3,0,2,2,34,0,0,7,8,1,1,2,25,0,0
2,7,1,0,1,1,15,0,0,6,3,0,0,0,14,0,0
1,0,1,0,0,0,8,1,0,1,0,0,0,0,2,1,0
9,7,1,2,2,1,43,3,0,9,10,3,1,0,46,1,1
3,2,12,0,5,2,39,1,6,4,9,11,4,0,42,1,0
6,2,1,0,7,0,32,0,0,6,3,0,0,1,11,2,0
2,0,1,1,2,0,24,3,0,2,7,1,1,0,13,2,0
1,0,1,0,1,0,3,0,0,5,3,0,0,0,17,0,1
17,6,3,7,10,7,136,16,0,27,16,9,1,1,86,9,0
5,2,1,3,5,2,31,2,0,5,7,4,2,0,26,4,0
1,0,1,2,0,2,39,1,1,7,5,1,0,0,44,2,1
23,9,10,2,8,2,80,8,6,10,13,19,6,0,61,5,0
6,5,12,3,6,2,49,3,5,8,11,5,2,0,47,4,0
5,3,2,1,2,0,29,1,1,6,9,4,4,0,40,2,0
2,3,1,1,0,2,15,1,0,2,4,0,0,0,14,2,1
4,4,1,1,0,2,27,2,0,4,7,4,1,0,20,1,1
3,0,2,2,1,1,29,2,0,3,0,0,0,0,9,1,0
1,1,1,0,2,2,17,3,0,2,3,0,0,0,12,1,0
6,4,1,0,2,1,33,1,0,4,2,0,0,0,25,1,0
0,1,2,0,1,0,15,0,0,0,3,0,0,1,9,1,0
7,2,1,1,3,0,9,1,0,4,4,2,0,0,16,1,0
0,0,1,0,0,1,4,0,0,0,2,1,0,0,1,0,0
1,2,2,0,1,0,31,1,0,7,5,4,0,0,32,2,1
2,0,1,0,1,0,8,1,0,3,2,0,0,0,9,0,0
4,7,2,3,1,3,54,3,1,8,10,6,2,0,39,3,0
5,14,2,4,4,0,25,0,0,10,7,1,1,0,18,0,0
0,0,1,2,4,1,27,3,0,2,7,1,0,0,26,0,1
0,5,1,0,1,0,7,0,0,2,2,2,1,0,9,1,0
0,1,2,0,1,0,9,0,0,0,3,0,0,1,7,1,0
0,1,2,0,3,0,13,0,0,0,3,2,0,1,9,1,0
4,3,1,5,0,1,32,0,0,12,6,1,0,0,33,1,0
4,4,1,6,0,0,31,2,0,6,2,0,0,0,26,1,1
5,6,8,1,4,2,31,1,4,7,9,4,1,0,28,1,0
10,3,18,1,1,1,51,2,12,11,11,4,1,2,35,1,0
2,4,5,1,6,1,28,4,2,5,8,8,3,2,29,6,0
35,14,2,18,11,14,188,12,3,30,33,28,11,0,141,15,1
1,0,1,0,0,0,4,0,0,4,0,1,0,0,6,0,0
0,1,2,0,1,0,13,0,0,0,3,0,0,1,7,1,0
3,4,2,1,2,0,16,0,0,0,6,0,0,1,8,1,0
31,11,6,2,15,9,99,19,6,20,29,12,4,0,117,9,0
3,3,1,2,5,0,33,0,0,3,6,8,2,0,22,5,0
2,0,1,0,1,0,8,0,0,1,0,2,0,0,11,0,1
2,3,1,1,1,2,15,1,0,5,3,1,1,0,17,0,1
26,13,6,5,12,4,118,14,0,22,14,11,5,0,111,5,0
4,10,16,1,3,0,34,2,6,4,12,3,0,4,22,1,0
6,6,2,2,1,1,23,1,0,5,3,1,0,0,18,0,0
36,29,8,19,4,6,190,39,1,52,33,17,6,0,139,6,0
2,3,2,0,1,0,37,1,0,14,15,5,1,11,39,3,0
15,7,1,5,4,2,43,3,0,6,6,5,1,0,24,0,0
5,10,22,1,4,0,57,4,9,6,23,9,2,4,44,3,0
7,28,4,12,5,6,566,2,2,73,74,43,0,0,442,24,1
4,3,3,2,0,0,37,1,0,2,3,1,1,0,11,0,0
2,0,1,0,1,0,15,1,0,2,1,0,0,0,5,2,0
3,19,22,1,6,2,77,7,11,7,17,7,6,7,33,10,0
11,15,34,5,8,5,105,12,16,33,28,7,1,0,116,9,0
31,22,171,15,21,8,334,25,83,58,59,29,4,9,219,24,0
20,18,40,12,11,9,187,14,18,63,25,14,4,1,153,16,0
10,5,3,13,2,2,93,0,0,34,26,4,1,6,85,1,0
0,2,1,0,1,3,33,1,0,5,6,1,0,0,33,2,1
2,4,2,0,1,1,23,2,0,3,2,3,0,0,21,1,1
12,10,1,3,3,0,34,3,0,8,4,3,2,0,26,5,0
44,15,29,4,12,4,137,3,10,19,20,13,4,2,108,5,0
7,7,1,2,1,2,83,0,1,19,24,11,2,0,71,1,0
38,21,2,16,12,23,204,20,2,43,42,20,5,0,191,20,1
3,5,1,0,0,0,17,2,0,5,0,0,0,0,9,0,0
0,2,1,0,0,0,4,0,0,0,0,0,0,0,1,0,0
7,3,5,3,2,1,42,1,0,12,8,4,2,1,45,3,0
2,4,1,0,0,0,22,0,0,5,4,3,0,0,19,0,0
2,0,1,2,0,2,33,0,1,10,5,1,0,0,49,1,1
4,1,1,0,3,0,14,1,0,1,4,0,0,0,9,0,0
3,2,5,1,5,0,25,2,2,2,8,5,1,2,18,2,0
4,4,2,0,5,1,34,4,0,7,4,3,0,0,22,0,0
3,29,1,7,9,7,457,4,1,81,86,35,0,0,401,16,1
27,16,33,3,14,2,135,14,17,14,17,33,9,0,98,8,0
4,5,1,6,2,2,114,2,0,19,21,6,1,0,99,7,1
4,4,1,1,2,1,35,2,0,3,4,7,1,0,21,0,0
2,6,10,2,2,2,44,4,4,9,6,6,3,0,29,0,0
0,0,1,0,0,0,2,1,0,0,0,1,0,0,2,0,1
4,7,2,5,3,0,41,1,0,9,7,2,1,3,24,1,0
0,5,1,3,1,0,13,1,0,7,2,2,1,0,11,0,0
1,7,21,0,4,3,61,0,7,4,16,3,0,1,48,0,0
0,1,2,0,1,0,13,0,0,0,6,0,0,2,6,0,0
2,2,6,0,2,0,23,4,2,3,1,3,1,0,8,0,0
8,6,1,6,7,0,63,2,0,4,8,5,3,0,32,4,0
0,0,1,0,0,1,9,0,0,5,2,1,1,0,10,0,0
1,0,1,0,0,1,10,1,0,1,1,0,0,0,9,0,1
3,2,6,3,3,1,45,4,2,5,7,4,3,2,24,2,0
1,4,1,0,0,1,12,1,0,4,0,3,2,0,16,1,1
3,3,1,1,2,1,27,0,0,6,8,1,0,0,20,2,0
2,10,2,4,2,10,58,5,0,6,8,8,1,0,52,4,1
1,2,3,1,1,0,46,2,1,7,9,1,0,1,21,1,0
0,3,1,1,1,2,25,3,0,4,1,5,4,0,21,1,1
9,5,1,0,3,1,20,2,0,1,9,0,0,0,12,0,0
1,0,1,0,0,0,3,0,0,1,0,0,0,0,6,0,0
3,3,2,0,0,0,10,1,0,1,1,0,0,0,2,0,0
12,13,4,2,4,0,95,3,3,15,26,3,2,0,65,6,0
3,1,1,0,2,2,16,1,0,2,5,1,0,0,14,1,0
0,0,1,0,0,0,7,1,0,1,0,1,0,0,7,0,1
8,7,12,2,3,1,81,2,4,6,14,1,1,4,24,0,0
2,3,1,1,0,1,43,0,0,5,10,6,0,0,54,1,1
8,9,37,1,6,0,65,10,17,8,20,1,0,3,54,4,0
9,31,7,14,4,3,519,1,2,69,74,52,1,0,390,26,1
20,10,3,6,3,4,83,3,1,6,11,8,2,0,40,4,0
16,12,2,3,7,6,62,8,0,17,10,6,1,0,65,13,0
1,8,2,1,0,8,50,6,1,8,9,1,0,0,52,7,1
1,2,1,2,1,1,32,4,0,4,7,1,0,0,33,0,1
2,7,2,2,1,1,30,3,0,10,2,5,2,0,31,1,0
4,7,4,3,2,2,61,3,1,8,5,7,1,0,54,3,1
5,7,1,2,3,4,130,3,3,18,20,6,0,0,98,8,1
9,8,4,4,2,1,73,2,1,16,16,8,5,0,60,2,0
4,6,1,2,0,4,47,2,2,9,6,10,0,0,50,3,1
7,9,6,9,7,7,135,3,1,19,32,17,3,0,94,6,0
8,34,6,10,4,4,412,4,5,51,72,30,1,0,320,22,1
10,6,1,4,4,3,42,3,0,7,6,3,1,0,30,0,0
2,0,1,2,0,0,8,0,0,2,0,0,0,0,4,1,0
0,0,1,0,0,0,7,1,0,0,1,0,0,0,6,0,1
7,5,1,2,4,1,24,0,0,3,1,1,1,0,9,2,0
5,1,1,2,0,1,17,0,0,7,5,0,0,0,10,1,0
5,6,2,3,5,1,55,8,2,14,17,2,0,0,86,7,1
1,0,1,0,0,0,4,1,0,0,0,0,0,0,1,0,1
13,1,2,3,6,1,37,2,0,3,6,9,3,0,24,3,0
14,3,11,6,8,1,56,3,4,4,10,11,3,0,34,3,0
32,24,1,9,5,2,110,29,1,24,28,12,5,0,114,6,0
2,2,1,0,1,0,10,1,0,2,0,0,0,0,3,0,0
1,3,8,0,5,0,47,2,3,3,13,1,0,0,28,0,0
31,49,8,26,14,24,263,24,1,86,56,19,5,0,255,10,1
0,0,2,0,0,0,0,0,0,1,1,0,0,0,2,0,1
19,12,12,7,8,4,111,10,7,15,19,14,6,0,75,4,0
1,0,1,0,0,0,10,0,0,1,0,3,0,0,12,0,1
7,11,1,2,7,7,73,8,0,19,15,3,0,0,72,1,0
5,2,1,0,2,1,27,0,0,3,6,7,4,0,29,2,0
1,3,4,1,1,0,29,1,0,4,3,3,2,0,18,2,0
3,5,14,1,2,0,47,1,5,5,7,4,2,2,29,4,0
3,1,7,0,2,0,27,2,3,2,5,1,1,2,9,0,0
6,7,23,2,3,0,67,1,9,6,8,6,3,2,41,5,0
2,0,1,2,2,1,13,0,0,2,1,0,0,0,5,1,0
1,4,1,1,1,0,13,0,0,5,3,2,0,0,12,0,0
5,3,1,2,1,2,20,1,0,3,3,0,0,0,10,1,0
2,3,2,0,3,2,15,2,0,0,7,0,0,3,10,0,0
124,52,32,34,37,55,559,0,5,140,142,67,10,1,602,15,0
8,3,2,2,5,0,26,0,0,4,11,0,0,3,12,0,0
0,0,1,0,0,0,9,0,0,3,5,0,0,0,9,0,0
5,4,2,3,4,6,39,3,0,4,12,8,0,0,44,2,1
0,1,1,0,1,0,9,0,1,0,1,0,0,0,0,0,0
16,23,8,6,6,8,119,5,2,18,15,15,6,0,75,11,0
0,1,1,0,0,0,2,0,0,0,0,0,0,0,1,0,1
3,11,3,5,6,0,43,0,0,10,10,3,1,4,36,2,0
4,13,5,6,9,0,62,0,0,13,16,3,1,7,52,2,0
2,9,2,4,3,0,22,0,0,7,4,3,1,0,21,2,0
2,4,8,1,3,1,17,0,4,6,4,1,0,0,18,0,0
0,6,1,1,0,0,12,1,0,7,2,0,0,0,11,1,0
0,3,1,0,2,1,34,0,0,5,9,3,0,0,26,4,1
2,4,1,1,2,0,33,2,0,4,4,3,0,0,35,2,1
0,0,1,2,3,0,22,1,0,4,2,5,1,0,21,2,0
4,4,12,0,6,2,32,5,4,4,16,0,0,10,16,4,0
2,6,1,5,2,5,33,4,0,2,15,3,1,0,40,5,1
40,132,29,27,27,28,1898,2,27,126,302,95,0,0,972,67,1
3,8,1,2,0,0,26,2,0,13,3,9,3,0,37,1,0
12,15,22,11,5,6,105,3,9,22,21,21,6,0,82,6,0
2,1,1,1,6,0,18,0,0,2,4,2,1,0,13,1,0
32,20,5,15,9,25,154,12,0,26,20,10,5,0,139,14,1
2,1,1,1,0,0,6,0,0,0,2,0,0,0,3,0,0
3,5,8,1,5,2,30,2,4,10,7,2,0,0,30,1,0
1,1,8,1,2,0,21,1,3,0,4,2,1,2,20,0,0
1,0,1,0,1,1,16,0,0,2,2,0,0,0,12,0,1
4,2,2,3,3,2,38,4,0,6,5,6,2,0,24,1,0
2,6,1,1,4,0,20,1,0,9,7,0,0,0,22,2,0
7,7,1,3,0,5,55,9,0,7,5,4,1,0,37,3,0
3,12,4,3,1,1,48,7,2,7,19,3,1,10,34,4,0
1,0,2,0,0,0,11,2,0,1,2,6,0,0,14,0,0
1,0,1,0,0,0,7,0,0,2,0,3,1,0,12,0,1
4,11,14,1,6,2,44,2,6,12,14,3,0,3,34,1,0
3,12,16,2,4,1,36,1,7,7,10,2,1,3,23,0,0
5,8,8,2,2,2,37,2,3,3,10,1,1,3,15,1,0
1,3,1,0,0,0,8,2,0,4,6,0,0,0,22,0,1
24,13,9,5,7,4,94,4,4,19,17,12,1,0,92,4,0
14,8,6,0,2,1,44,1,1,9,5,8,0,0,43,2,0
44,20,7,24,2,26,207,0,2,24,34,24,4,0,111,4,1
12,7,2,3,1,6,64,2,0,14,6,9,3,0,46,4,0
3,4,1,1,2,0,21,1,0,0,5,4,2,0,16,1,0
19,12,15,7,2,7,114,2,5,20,11,16,9,4,85,5,0
61,46,11,27,28,55,402,5,5,117,86,42,10,0,408,10,1
12,11,3,1,2,1,57,2,1,6,8,7,3,0,28,3,0
1,0,1,1,0,0,15,0,0,3,4,1,0,0,5,0,0
0,2,1,1,0,0,18,1,0,3,2,5,1,0,16,0,0
10,10,10,4,5,3,78,4,5,13,15,13,2,3,74,8,0
7,3,2,3,0,2,22,2,0,3,3,1,0,0,10,1,0
11,9,1,11,1,2,198,6,0,36,15,5,3,0,303,3,1
34,31,6,19,17,26,250,3,3,73,45,36,7,0,253,10,1
19,15,24,1,3,3,79,3,9,13,9,13,0,0,69,2,0
6,1,1,3,0,2,44,4,0,4,4,5,0,0,40,2,1
9,3,1,4,4,3,22,9,1,11,4,2,1,0,36,6,1
6,8,2,2,2,2,34,4,0,9,8,6,2,0,30,0,0
0,0,1,0,0,0,3,2,0,3,0,1,0,0,5,0,1
31,22,60,8,8,14,217,5,27,47,52,30,13,19,166,18,0
0,0,1,3,0,1,18,1,0,3,3,1,0,0,17,0,0
3,5,85,4,2,0,88,2,43,5,26,8,1,10,67,2,0
3,2,1,2,0,2,27,2,1,3,4,0,0,0,17,0,1
1,3,1,0,1,0,10,1,0,4,1,2,1,0,16,1,1
0,1,2,0,1,0,16,0,0,0,7,0,0,3,7,0,0
7,22,6,14,5,0,444,1,1,48,62,29,0,0,306,30,1
6,5,1,4,5,5,51,3,0,4,6,7,0,0,51,1,1
6,4,12,1,1,0,39,1,5,5,4,6,1,2,31,2,0
3,2,1,3,0,4,41,3,1,4,5,0,0,0,32,0,1
0,0,1,0,0,0,0,0,0,1,2,0,0,0,3,0,1
4,2,1,0,1,0,19,0,0,3,1,4,1,0,15,1,0
4,5,8,2,3,1,42,5,4,7,4,3,3,0,26,2,0
0,0,1,1,1,0,18,1,0,3,3,0,0,0,14,2,0
0,0,1,1,1,0,21,1,0,4,3,0,0,0,15,2,0
41,40,77,9,27,4,280,16,45,48,77,54,11,18,236,15,0
1,2,2,0,0,0,10,0,0,0,0,1,0,0,4,1,0
20,11,13,5,7,2,88,3,8,9,12,6,4,0,52,0,0
0,4,1,0,0,2,18,1,0,3,1,2,1,0,17,1,1
5,6,8,0,6,1,59,1,3,8,9,1,0,2,26,3,0
37,22,35,7,11,5,161,7,19,18,24,11,6,4,102,6,0
4,2,1,1,2,1,16,1,0,3,3,3,1,0,13,0,0
5,3,1,6,1,5,46,5,1,13,7,0,0,0,51,1,1
24,30,2,13,19,10,174,17,2,47,41,29,14,0,171,19,1
2,5,2,1,0,1,13,0,0,6,5,3,1,0,17,2,0
2,0,1,1,0,0,15,2,0,3,1,1,0,0,10,0,0
1,0,1,1,0,0,6,0,0,1,3,2,0,0,3,0,0
1,2,1,0,1,0,19,0,0,3,5,0,0,0,14,1,0
5,3,1,2,1,2,24,4,0,0,0,2,1,0,14,1,1
0,0,1,0,0,0,4,0,0,1,0,0,0,0,1,0,1
0,1,2,0,1,0,10,0,0,0,7,0,0,3,6,0,0
6,6,1,1,0,1,23,2,0,6,6,3,1,0,16,0,1
4,3,2,1,3,1,42,1,0,3,13,0,0,4,23,0,0
0,1,2,0,0,0,12,2,0,2,2,0,0,0,5,1,1
0,0,1,0,0,0,8,0,0,4,2,0,0,0,8,0,0
0,0,1,0,1,0,1,0,0,0,1,0,0,0,3,0,1
8,4,2,3,4,0,36,1,0,4,7,3,2,0,23,3,0
9,5,9,3,4,1,46,1,5,4,5,3,1,0,19,3,0
9,7,20,3,5,2,63,1,9,6,6,5,2,0,29,4,0
9,8,19,4,5,1,62,3,9,6,5,5,1,0,27,4,0
2,1,1,2,0,0,20,3,0,0,4,2,2,0,12,0,0
1,1,1,0,0,1,7,0,0,1,1,1,0,0,4,1,1
4,2,1,1,1,0,22,1,1,5,0,4,1,0,16,1,0
1,6,2,0,1,0,41,1,0,4,9,1,0,0,55,1,1
0,0,1,0,0,0,1,0,0,0,0,0,0,0,1,0,0
1,3,2,0,1,1,37,1,0,9,8,1,0,0,46,0,1
0,0,1,0,2,1,7,2,1,4,2,2,0,0,24,4,1
0,6,3,0,1,0,10,0,0,0,9,1,1,3,7,0,0
1,2,2,0,4,0,20,0,0,6,2,0,0,0,24,1,1
3,3,4,2,1,0,62,0,1,2,8,6,0,2,26,0,0
1,1,1,0,0,1,10,2,0,0,4,0,0,0,5,0,0
0,1,2,0,3,0,16,0,0,0,9,0,0,3,8,0,0
0,1,5,0,1,0,21,2,1,2,8,0,0,4,7,1,0
2,2,2,0,0,1,5,0,0,0,0,1,0,0,3,0,1
1,6,1,1,1,0,130,1,1,9,25,10,0,0,87,8,1
10,5,2,1,0,1,37,3,0,3,1,2,1,0,25,2,0
10,7,17,2,2,0,70,2,7,17,22,11,5,0,68,4,0
30,20,19,20,18,22,241,5,1,81,53,23,10,0,274,17,1
1,4,1,1,1,1,13,0,0,1,1,1,0,0,8,4,0
2,2,1,3,2,2,36,3,1,7,8,3,0,0,39,1,1
1,0,1,0,0,1,3,0,0,2,1,1,0,0,6,1,0
0,0,1,0,0,0,4,0,0,0,0,0,0,0,0,0,0
0,2,1,0,1,0,2,0,1,1,0,0,0,0,2,1,1
23,12,4,3,6,6,90,7,1,29,16,14,7,0,91,10,0
7,17,13,1,6,0,109,18,0,13,31,16,6,12,92,14,0
4,1,1,0,2,2,20,0,0,3,5,4,2,0,25,6,0
2,5,1,0,3,0,27,3,0,9,2,6,3,0,28,1,0
8,3,1,2,0,0,51,5,1,9,12,2,2,0,33,1,0
8,16,13,4,4,4,70,4,6,12,7,6,1,1,45,5,0
0,1,2,1,0,0,15,1,0,0,3,4,0,0,12,0,1
6,5,1,10,5,5,63,8,2,15,9,11,3,0,62,2,1
10,13,111,7,10,4,202,9,68,31,111,14,1,57,186,12,0
2,6,5,3,3,2,39,1,2,9,10,4,3,1,41,5,0
0,3,1,1,1,0,23,2,0,2,3,3,1,0,14,0,1
3,3,1,2,0,0,19,1,0,3,3,2,1,0,13,0,0
42,21,24,12,12,6,230,4,9,62,57,22,8,24,191,21,0
4,0,1,0,5,0,22,0,0,6,2,0,0,1,11,1,0
1,1,1,1,0,0,12,0,0,2,1,2,0,0,7,1,0
4,9,2,1,2,2,20,0,0,11,8,2,0,0,34,2,0
0,0,1,0,1,0,3,0,0,0,0,0,0,0,1,0,0
2,0,1,1,3,1,45,2,0,4,7,6,1,0,41,1,0
0,1,2,0,1,0,11,0,0,0,6,0,0,2,8,0,0
0,2,1,1,1,0,13,2,0,0,2,3,0,0,19,0,1
10,15,6,12,7,4,140,7,1,24,33,16,9,0,125,7,1
8,6,9,4,3,0,58,1,5,5,15,4,1,7,33,3,0
7,6,6,5,3,1,76,7,2,2,14,6,3,0,44,3,0
0,0,1,0,0,0,5,0,0,0,1,1,0,0,3,0,1
3,3,1,0,0,0,10,3,0,3,2,0,0,0,10,1,1
1,5,2,3,0,2,56,3,0,5,9,3,0,1,36,4,0
3,2,1,0,1,0,30,2,0,8,4,5,3,0,27,2,0
70,66,11,46,20,36,477,5,10,136,83,43,5,0,483,28,1
13,16,10,1,2,1,78,3,5,6,14,9,4,4,41,4,0
8,1,3,2,4,0,49,3,0,16,10,4,0,0,51,0,0
4,1,2,0,1,1,19,1,1,6,2,0,0,0,13,1,0
2,5,2,0,1,2,27,0,0,6,0,1,0,0,17,0,1
5,7,15,2,3,1,38,0,7,8,15,5,1,3,43,4,0
0,1,1,1,0,0,9,1,0,1,2,1,0,0,10,0,1
4,2,1,2,1,0,20,0,0,4,4,0,0,0,10,4,0
0,10,2,1,5,2,140,2,0,11,18,8,0,0,111,7,1
35,24,2,16,13,16,173,20,1,37,31,23,4,0,167,13,1
5,3,2,1,3,6,55,3,0,11,7,3,0,0,52,1,1
1,0,1,0,1,0,3,0,0,0,1,1,0,0,3,0,0
29,22,81,11,14,3,249,5,45,49,51,35,8,3,163,5,0
0,1,1,0,0,0,1,0,0,0,0,0,0,0,1,1,1
5,2,3,0,2,4,28,1,2,9,4,3,1,0,27,1,0
6,6,1,1,2,2,34,1,0,5,3,9,4,0,33,3,0
2,0,2,3,4,1,26,1,3,7,9,3,0,0,20,0,0
27,17,2,13,9,5,127,1,5,25,25,17,8,0,112,19,0
14,21,2,19,9,14,178,29,0,30,54,13,3,1,172,13,0
3,12,4,3,1,1,47,7,2,9,19,3,1,10,37,4,0
5,12,1,2,4,7,82,6,1,17,18,4,0,0,80,0,0
0,1,1,1,0,0,2,0,0,0,0,0,0,0,1,1,1
36,9,3,6,9,3,129,7,2,24,15,10,4,0,107,3,0
4,3,1,1,0,2,24,0,0,7,4,3,0,0,15,1,0
7,6,15,3,2,1,44,0,7,8,12,5,1,2,42,6,0
7,3,1,2,3,2,31,1,0,5,1,4,0,0,28,0,1
10,16,101,1,6,0,135,2,50,13,41,16,4,15,98,8,0
12,6,9,2,2,0,81,6,4,15,19,4,2,0,49,1,0
1,0,3,0,2,0,11,2,0,2,1,0,0,0,7,0,0
0,2,2,3,1,0,20,0,0,4,4,2,0,1,14,0,0
17,17,5,16,14,12,145,18,0,43,26,8,3,0,130,12,1
20,8,22,5,3,0,115,6,10,19,36,9,2,0,74,1,0
23,23,3,19,7,27,233,22,3,39,35,16,7,0,175,19,1
5,6,4,1,5,2,35,1,2,7,9,4,1,0,31,1,0
0,0,1,0,1,0,3,0,0,0,0,0,0,0,2,0,1
0,4,1,0,1,3,24,0,0,5,8,0,0,0,15,3,0
2,4,1,1,0,0,17,3,0,5,6,2,0,0,21,0,0
0,0,1,0,0,0,2,0,0,0,0,0,0,0,1,0,1
3,3,1,1,2,1,25,0,0,2,2,1,1,0,11,0,0
0,1,2,0,1,0,15,0,0,0,3,0,0,1,10,1,0
0,1,1,0,0,0,1,0,0,0,0,1,0,0,2,1,1
1,3,1,0,1,1,27,1,0,6,1,0,0,1,16,0,0
0,0,2,0,1,0,10,0,0,1,1,0,0,0,6,0,0
1,2,1,2,0,0,12,2,0,5,2,1,1,0,17,1,1
5,1,1,2,3,1,23,1,0,1,2,1,0,0,14,0,0
0,0,1,0,0,0,1,0,0,1,2,1,0,0,4,0,1
34,13,8,5,15,10,122,24,6,25,32,13,4,0,141,10,0
28,13,6,5,12,4,121,14,0,23,14,11,5,0,110,5,0
2,3,14,2,2,1,32,2,5,2,4,5,2,2,37,0,0
20,10,2,9,5,5,71,5,0,20,14,7,4,0,62,5,1
4,8,2,1,3,0,17,1,0,8,8,3,1,0,21,1,0
0,1,1,0,0,0,3,1,0,0,0,0,0,0,1,0,1
14,39,14,15,2,9,532,22,0,50,37,27,7,0,363,12,0
4,14,2,0,8,2,69,16,0,22,11,17,8,0,76,4,0
1,0,1,1,1,1,7,0,0,1,1,0,0,0,4,0,0
8,6,7,4,6,1,46,4,2,4,5,2,1,0,26,0,0
10,17,6,6,14,4,120,4,3,24,29,14,6,0,115,7,1
1,0,1,0,0,0,2,1,0,0,0,0,0,0,2,1,1
3,14,1,1,2,1,33,0,0,13,9,2,0,0,29,3,0
38,10,4,6,9,3,137,7,2,26,18,13,5,0,115,3,0
5,8,6,1,3,3,128,1,1,26,24,13,0,0,116,3,1
2,0,1,0,1,0,9,0,0,0,0,0,0,0,2,1,0
3,2,28,1,3,2,35,0,13,5,1,1,0,0,17,1,0
4,9,7,1,3,1,40,1,2,2,9,2,1,3,15,0,0
0,0,1,0,0,0,1,0,0,0,2,0,0,0,5,1,0
2,1,1,1,0,1,17,0,0,4,0,1,0,0,11,2,0
67,45,14,23,32,54,398,5,4,123,82,34,10,0,403,12,1
1,2,1,2,3,0,29,2,0,6,5,3,2,0,22,1,0
2,0,1,0,2,0,16,2,0,0,1,2,2,0,8,0,0
2,3,3,1,2,1,31,1,1,5,9,3,1,0,21,0,0
4,3,1,3,0,1,8,1,0,0,4,2,1,0,5,0,0
3,4,1,1,0,2,31,2,1,4,3,5,0,0,18,3,0
16,9,22,0,8,2,114,6,10,20,24,16,7,0,80,3,0
2,8,5,0,3,0,23,0,0,12,11,0,0,0,29,2,0
3,14,2,1,9,1,64,16,0,25,9,11,6,0,72,6,0
0,3,1,0,0,0,12,2,0,1,2,3,2,2,11,0,0
24,14,1,16,11,12,137,20,0,33,26,15,4,0,133,5,1
11,9,25,1,5,1,70,3,8,9,5,2,0,0,35,1,0
2,3,17,1,4,0,42,2,6,4,4,1,0,0,20,1,0
0,2,1,1,0,0,11,1,0,0,2,0,0,0,5,0,0
6,2,3,2,1,2,28,0,2,3,2,4,1,0,16,1,0
4,3,1,0,2,0,32,0,0,4,3,3,1,0,17,0,1
0,0,1,0,0,0,1,0,0,1,2,1,0,0,4,0,1
1,0,1,1,0,0,11,0,0,1,2,1,0,0,6,1,0
0,3,1,0,2,0,35,0,0,3,2,0,0,0,28,1,1
2,1,2,0,3,0,15,0,0,0,3,0,0,1,7,1,0
1,1,1,0,4,0,11,2,0,0,3,0,0,0,7,0,1
7,6,1,3,1,3,48,5,0,15,6,7,2,0,42,1,0
1,6,2,1,1,2,102,3,1,6,7,4,0,0,88,6,1
9,9,2,5,5,2,83,5,0,26,18,7,0,0,80,6,0
0,1,1,0,0,0,0,0,0,0,0,1,0,0,2,1,1
1,2,2,0,1,0,18,2,0,2,5,4,2,1,15,0,0
4,3,7,1,2,0,40,5,3,7,14,4,2,5,30,3,0
0,1,1,0,0,1,39,1,0,4,3,2,0,0,37,1,1
1,3,2,1,3,0,12,0,0,8,6,1,0,0,22,1,0
7,6,3,4,1,2,140,2,1,25,19,13,1,0,110,14,1
2,7,2,0,3,1,25,0,0,9,7,2,0,0,21,1,0
17,11,3,9,6,1,131,20,0,18,23,14,6,1,98,0,0
1,7,1,3,0,0,31,12,0,5,6,3,0,0,25,2,0
59,54,188,18,20,13,528,8,92,74,94,31,10,11,352,24,0
1,1,1,0,0,1,9,3,0,2,0,0,0,0,4,0,1
4,6,7,0,2,1,24,0,2,3,8,2,1,3,13,1,0
4,9,7,1,3,2,38,1,2,2,9,2,1,3,15,0,0
19,12,5,6,3,3,86,14,1,18,26,4,1,3,69,4,0
2,1,1,0,0,0,12,3,0,1,2,0,0,0,11,0,1
2,1,2,1,0,0,29,1,1,4,0,4,1,0,19,0,0
2,1,2,1,0,0,33,1,1,5,0,4,1,0,22,0,0
3,0,1,1,0,1,11,0,0,2,1,1,0,0,8,1,1
0,1,1,0,0,1,0,0,0,0,0,0,0,0,1,1,1
51,48,112,16,20,12,442,8,54,63,84,25,8,9,303,17,0
1,6,8,1,1,0,41,3,2,6,18,4,3,8,22,0,0
1,2,1,1,0,0,10,3,0,5,2,2,0,0,11,0,1
8,3,1,2,5,1,22,2,0,1,5,7,1,0,16,0,0
1,2,1,1,2,0,36,1,1,6,3,4,1,0,38,2,1
10,10,6,6,6,2,94,0,0,16,24,4,1,3,72,8,0
1,3,2,2,2,0,16,4,1,5,3,0,0,0,15,1,0
1,0,1,2,2,0,13,1,0,0,4,0,0,1,9,1,0
1,1,1,2,0,0,10,0,0,1,2,1,0,0,8,0,1
78,71,194,21,27,14,654,9,90,113,118,45,9,11,488,26,0
6,2,2,3,1,1,26,1,0,5,9,1,1,0,18,0,0
3,2,1,3,2,1,110,4,0,17,4,5,1,0,115,2,1
29,9,1,6,9,10,187,8,4,57,45,17,0,3,215,6,0
6,5,10,6,6,2,69,3,7,10,9,7,2,0,58,8,0
6,2,9,3,3,0,45,1,4,6,6,7,2,2,28,2,0
3,2,3,1,1,0,27,1,0,4,3,3,2,0,13,2,0
9,10,13,3,2,2,43,0,8,7,11,10,2,2,32,3,0
6,1,2,2,3,0,24,0,0,5,5,8,4,0,26,2,0
3,4,2,2,0,1,70,0,0,9,12,4,0,0,57,3,1
4,6,2,1,0,0,26,0,1,0,0,1,0,0,6,1,0
0,1,1,0,1,2,9,0,0,2,0,1,0,0,4,0,1
5,0,1,0,3,1,17,1,1,0,3,1,1,0,7,2,0
38,26,2,15,6,7,166,16,5,45,22,26,4,0,183,19,0
2,3,1,0,0,0,14,2,0,3,5,2,0,0,9,0,0
4,10,3,5,4,3,105,1,0,11,13,13,0,0,92,4,1
26,15,5,18,10,20,174,0,0,66,54,16,8,20,217,9,0
1,2,3,0,0,1,19,2,0,6,5,8,3,0,28,0,1
24,17,28,13,11,3,165,4,15,28,23,15,3,1,133,14,0
1,6,5,2,2,4,141,1,1,24,20,8,0,0,107,9,1
3,1,1,1,2,0,29,2,0,6,5,2,2,0,22,2,0
3,4,1,5,2,0,109,5,0,21,6,6,1,0,125,3,1
5,10,1,1,2,0,27,0,0,11,4,2,1,0,24,3,0
2,8,2,2,0,2,97,0,0,15,13,11,0,0,107,7,1
2,0,1,0,2,0,10,0,0,0,2,0,0,0,4,0,0
12,12,2,10,6,17,96,10,2,12,17,16,4,0,92,10,1
1,0,1,0,0,0,12,0,0,5,4,1,0,0,11,0,0
1,6,2,4,6,3,51,9,4,6,7,8,0,0,35,3,1
5,3,2,0,1,0,20,0,0,5,5,1,0,0,17,3,0
2,0,1,0,1,0,15,0,0,2,1,1,1,0,9,0,0
28,10,12,8,3,4,136,2,3,18,16,10,2,0,80,12,0
1,0,1,0,0,0,5,0,0,0,3,1,0,0,4,0,1
0,8,1,1,1,0,13,1,0,9,5,2,1,0,21,4,0
1,0,1,0,0,1,9,3,0,3,4,0,0,0,10,0,1
21,18,2,10,4,4,140,5,3,22,25,25,4,0,117,12,0
9,11,9,0,1,0,61,0,5,10,11,3,0,2,49,4,0
10,17,30,9,9,2,123,3,16,20,15,14,4,0,96,15,0
6,10,23,6,7,2,96,3,13,13,11,12,4,0,75,13,0
4,3,1,1,0,2,11,0,0,3,1,1,0,0,9,2,1
6,8,18,6,7,2,85,3,11,12,11,11,4,0,69,11,0
0,4,3,0,2,0,15,3,1,2,2,0,0,0,7,0,0
1,2,1,1,0,1,9,3,0,4,2,2,0,0,9,0,1
2,6,1,0,2,1,30,2,0,7,10,7,1,0,39,1,1
22,11,3,9,2,4,91,2,1,20,15,9,0,0,84,6,0
10,3,1,0,1,1,9,1,0,2,3,2,0,0,9,1,0
16,7,1,7,0,2,56,0,0,13,11,3,0,0,28,0,0
2,5,4,1,5,2,31,1,2,8,6,2,0,0,31,0,0
0,1,2,0,1,0,13,0,0,0,3,0,0,1,7,1,0
3,4,1,2,0,2,36,1,1,13,7,6,0,0,41,3,1
2,1,1,1,0,1,22,1,0,5,3,5,2,0,16,0,0
10,9,20,6,2,2,74,7,8,9,17,10,5,0,55,8,0
7,12,1,1,9,11,108,8,1,19,20,4,0,0,92,0,0
4,4,3,2,1,1,102,1,0,16,15,5,0,0,81,6,1
5,5,1,0,2,1,23,2,0,3,1,1,0,0,21,3,0
24,8,34,19,6,4,139,3,17,25,26,18,6,7,94,7,0
20,7,19,15,5,4,108,2,10,21,18,17,6,2,79,5,0
5,9,2,2,2,5,62,11,1,13,5,7,3,0,57,5,1
8,5,2,2,9,0,50,4,1,5,7,9,4,0,35,3,0
8,8,20,7,4,1,82,7,8,7,16,10,6,0,57,6,0
2,1,1,0,0,0,10,3,0,1,1,0,0,0,8,1,1
21,13,9,9,2,6,131,0,0,26,23,13,2,0,114,4,0
28,14,38,20,8,5,154,2,17,27,32,24,8,6,110,6,0
8,2,1,3,2,2,27,1,0,6,5,4,0,0,39,3,1
2,2,1,2,0,0,13,0,0,3,2,1,1,0,9,3,0
5,3,1,1,3,0,14,1,0,5,3,1,1,0,13,1,0
31,23,5,29,9,17,199,0,1,66,33,11,1,3,199,7,0
0,4,1,1,2,1,73,8,0,4,10,2,0,0,59,0,1
4,3,1,0,0,1,25,3,0,0,2,1,1,0,9,2,0
7,1,12,0,0,0,39,1,4,7,7,4,0,2,24,2,0
0,8,2,0,0,1,114,0,1,17,16,5,0,0,90,8,1
1,2,1,1,2,1,33,0,0,4,2,4,4,0,18,0,0
2,4,1,1,0,1,38,2,0,4,9,1,0,0,21,3,0
20,12,6,7,1,2,68,0,2,15,17,5,0,3,38,1,0
9,23,344,10,2,4,324,2,167,39,179,25,2,133,201,17,0
11,6,93,5,4,3,116,2,45,14,54,11,2,23,91,10,0
1,0,1,1,0,0,6,0,0,0,2,0,0,0,2,0,0
14,5,10,7,9,2,73,2,4,5,8,4,2,0,29,4,0
0,0,1,0,0,0,5,0,0,1,0,2,0,0,3,0,0
0,1,1,0,0,0,19,1,0,5,0,1,0,0,17,1,1
4,2,2,0,3,1,22,2,0,7,2,5,0,0,22,1,0
8,14,3,7,4,6,116,11,3,20,9,12,5,0,97,6,1
2,3,2,4,4,3,70,2,1,11,17,1,0,0,61,6,1
8,10,1,3,1,3,259,1,1,37,38,3,3,0,360,4,1
3,3,1,1,0,0,10,0,0,2,1,0,0,0,4,2,0
8,11,23,2,4,2,65,0,12,9,20,11,2,4,43,2,0
13,4,1,2,1,2,32,1,0,13,9,4,0,0,39,2,1
8,13,23,2,5,3,70,0,12,10,23,11,3,5,44,2,0
0,1,1,2,1,0,21,2,0,0,3,1,0,0,8,0,0
0,0,1,0,1,0,2,0,0,0,1,0,0,0,2,0,0
4,1,1,1,2,0,16,0,0,0,4,1,0,0,8,0,0
7,3,1,5,1,12,69,12,0,3,3,6,0,0,66,5,1
0,1,1,1,0,1,29,0,0,8,3,0,0,0,28,1,1
1,2,1,0,1,2,7,0,0,0,0,1,0,0,3,0,0
4,3,4,0,4,0,40,2,5,9,3,6,5,1,39,5,0
4,3,4,1,4,0,26,0,1,0,8,1,0,2,17,0,0
8,6,1,3,2,14,64,10,1,12,9,7,1,0,74,3,1
4,5,7,1,5,0,36,0,2,0,13,1,0,4,25,0,0
0,1,1,1,3,1,108,4,1,19,7,6,1,0,131,3,1
9,8,2,2,6,2,65,3,0,9,21,5,1,2,42,4,0
0,1,1,1,2,2,19,0,0,3,4,3,1,0,14,1,1
5,4,10,0,5,0,61,3,8,9,8,8,5,3,51,5,0
5,6,4,1,5,2,35,1,2,7,9,4,1,0,31,1,0
3,8,1,1,0,0,23,0,0,8,8,3,2,0,20,3,0
5,5,13,1,7,2,74,4,11,12,8,9,6,4,66,6,0
7,2,1,0,3,0,25,0,0,7,6,3,2,0,20,0,0
39,34,4,37,17,30,289,25,1,69,62,43,17,0,289,22,1
1,1,1,0,0,2,14,0,0,2,0,1,1,0,5,0,0
0,3,1,1,1,0,7,0,0,5,3,1,0,0,9,0,0
2,7,1,0,0,0,23,1,2,5,6,4,3,0,22,3,0
0,1,1,0,0,0,17,0,0,3,0,0,0,0,7,0,0
8,1,1,1,2,2,42,1,0,8,8,1,0,0,33,0,0
3,7,9,0,3,1,32,1,3,3,11,6,2,3,20,1,0
0,4,1,2,1,0,21,4,0,2,1,0,0,0,21,0,1
3,4,1,0,1,1,35,1,0,8,8,4,1,0,24,2,0
4,0,1,0,5,0,22,0,0,6,2,0,0,1,9,1,0
3,1,2,1,0,0,16,0,0,2,0,3,1,0,9,2,0
5,5,10,2,3,2,58,0,4,7,6,8,5,2,32,4,0
4,4,1,0,4,2,27,1,3,4,10,1,1,0,20,3,0
0,2,1,0,0,0,16,4,0,2,4,1,0,1,9,1,0
7,12,1,1,6,10,96,8,0,14,19,4,0,0,85,0,0
5,2,1,3,4,1,21,0,0,4,4,5,0,0,21,1,1
15,11,15,5,5,4,76,0,6,18,24,7,1,2,68,6,0
0,4,53,1,2,0,52,1,24,5,24,3,1,11,37,2,0
0,2,1,0,1,2,10,0,0,2,0,1,0,0,5,0,1
6,7,1,1,2,1,28,1,0,11,5,10,4,0,35,2,0
0,0,1,0,0,1,3,0,0,0,1,0,0,0,1,0,1
5,7,14,2,4,2,83,2,6,7,10,9,6,4,38,4,0
8,3,2,0,4,4,40,3,0,5,9,3,0,0,28,1,0
0,0,1,0,0,0,4,1,0,3,0,0,0,0,4,0,0
17,15,9,13,21,6,144,9,5,53,40,9,3,7,126,7,0
3,2,1,0,1,0,29,2,0,8,4,5,3,0,26,2,0
2,3,15,1,2,0,46,1,7,1,4,1,0,1,12,2,0
17,11,13,5,3,2,49,4,5,13,8,3,1,0,39,6,0
0,8,1,1,0,0,49,2,0,7,13,4,0,0,52,3,1
0,0,1,0,0,0,4,1,0,0,0,2,1,0,4,0,0
12,7,4,2,1,2,59,9,0,15,11,4,3,0,60,1,0
2,3,1,2,3,0,112,3,0,17,8,6,1,0,129,2,1
8,9,72,5,7,0,146,4,29,19,67,16,6,34,107,8,0
4,3,6,0,5,0,34,1,2,0,4,3,0,3,19,1,0
3,7,3,2,2,1,80,1,1,12,21,4,0,0,66,1,1
3,2,2,0,3,0,16,1,0,0,0,2,0,0,11,0,0
6,1,2,0,3,0,14,1,0,0,2,1,0,0,10,1,0
3,10,4,5,5,3,84,4,3,15,14,12,0,0,80,2,1
8,21,2,2,10,1,68,0,0,15,10,4,0,3,46,6,0
4,5,1,2,5,1,27,0,0,5,3,2,0,0,13,1,0
4,13,2,10,4,7,101,19,0,33,9,12,5,0,95,5,0
16,18,2,16,9,24,204,30,1,38,37,16,6,0,170,18,1
2,9,1,0,0,2,35,4,0,4,5,2,1,0,45,5,1
13,12,21,7,4,6,109,2,11,15,17,7,0,3,77,5,0
1,10,1,1,2,0,19,0,0,5,0,1,0,0,15,1,0
12,9,8,7,3,6,85,2,5,14,14,6,0,1,62,3,0
0,1,1,0,0,0,0,1,0,0,0,0,0,0,2,1,1
7,4,2,2,2,1,48,1,0,8,10,5,1,0,26,1,0
4,5,39,3,1,0,63,2,19,7,17,5,1,5,35,3,0
1,0,2,0,0,0,8,1,0,0,0,0,0,0,1,1,0
1,2,1,2,0,2,118,2,0,16,10,4,1,0,121,2,1
0,3,1,0,0,0,6,0,0,1,0,0,0,0,1,0,0
24,20,59,12,3,3,163,3,27,33,48,12,2,9,155,10,0
10,6,4,3,5,2,45,10,0,11,8,5,3,0,49,3,0
8,19,18,7,3,3,150,8,11,23,84,5,2,59,98,6,0
0,0,1,0,0,2,7,0,0,2,1,3,1,0,12,0,0
1,2,1,4,1,2,108,5,0,16,10,7,1,0,123,2,1
6,4,5,2,1,2,69,1,0,12,13,5,1,0,64,4,0
18,19,18,18,3,6,143,3,0,34,28,9,2,2,125,5,0
4,5,3,0,2,2,19,0,0,8,4,4,1,0,19,0,0
0,1,1,1,0,0,6,1,0,0,0,0,0,0,2,1,1
3,2,1,1,0,1,11,0,0,4,1,1,0,0,11,1,1
11,7,11,11,16,0,98,3,4,11,19,7,5,0,45,4,0
2,5,1,4,2,2,107,7,0,20,8,7,1,0,129,4,1
2,2,2,0,0,0,20,1,1,3,6,1,0,0,22,3,0
2,8,1,2,4,1,23,0,0,8,3,3,0,0,22,1,0
17,12,40,4,10,5,128,2,19,13,24,6,3,4,87,6,0
2,0,1,1,2,2,12,2,0,3,2,1,0,0,14,2,1
0,1,2,0,1,0,11,0,0,0,3,0,0,1,7,1,0
1,2,1,0,4,0,12,2,0,0,2,1,0,0,9,0,1
44,24,7,10,28,12,212,11,4,65,56,19,3,4,230,18,0
1,2,1,1,0,3,77,2,0,2,3,2,0,0,81,4,1
3,4,2,0,0,1,20,2,0,2,6,1,0,0,15,1,0
1,1,1,1,0,0,13,0,0,2,1,0,0,0,8,3,0
2,2,2,0,1,0,30,2,0,3,7,5,1,0,22,1,0
8,6,4,3,3,0,42,0,1,5,9,3,0,4,36,0,0
40,21,23,30,18,32,325,3,0,106,63,29,9,0,347,21,1
12,12,2,0,2,6,70,2,0,17,13,9,3,0,65,2,0
3,3,16,1,2,0,43,1,8,4,11,2,1,0,23,2,0
7,5,1,0,1,1,9,0,0,3,3,4,1,0,12,0,0
0,2,1,0,3,0,19,1,0,9,4,3,1,0,22,2,1
11,9,17,12,17,0,117,4,7,11,21,8,6,0,49,4,0
0,0,1,0,0,1,10,0,0,4,3,0,0,0,8,0,0
8,6,1,0,4,1,14,0,0,6,4,1,1,0,15,3,0
19,17,9,2,5,9,148,3,3,36,27,18,4,0,145,4,0
27,34,27,35,19,18,234,13,18,51,49,26,7,3,182,13,0
3,6,1,2,3,4,37,2,1,8,6,5,3,0,34,4,0
5,5,13,3,6,1,49,2,5,5,5,6,3,0,31,1,0
28,19,48,17,24,2,222,7,20,20,38,21,10,4,121,8,0
0,4,2,0,0,11,20,1,0,3,8,3,0,0,32,3,1
9,6,2,5,3,3,44,0,0,10,8,0,0,0,44,0,0
1,3,7,2,1,0,26,3,3,0,4,2,2,3,10,0,0
8,7,24,6,8,1,78,1,10,12,9,9,5,0,55,3,0
6,3,1,0,0,1,31,1,0,7,4,2,0,1,18,3,0
3,2,1,1,2,2,24,2,0,3,6,3,0,0,23,6,0
3,4,1,1,1,1,4,0,0,2,2,1,0,0,6,0,0
4,9,3,2,4,0,42,9,1,6,14,2,2,4,29,7,0
0,1,1,0,0,1,11,0,0,0,4,0,0,0,2,2,0
4,6,4,1,5,2,38,1,2,8,9,5,1,0,32,1,0
14,25,3,17,12,18,280,6,1,50,49,14,2,0,272,6,1
4,6,9,2,2,0,38,2,4,4,7,4,1,1,27,1,0
1,2,1,1,0,1,7,1,0,3,3,1,0,0,15,0,1
4,4,4,1,1,0,14,2,0,3,1,2,0,0,12,1,0
2,7,8,0,3,0,50,2,5,14,35,4,2,18,48,2,0
9,9,5,1,6,0,53,1,2,8,11,6,1,1,34,2,0
4,5,3,3,2,2,53,2,1,7,4,6,1,0,44,3,1
20,17,28,9,8,2,141,9,14,32,21,14,5,4,117,10,0
19,15,5,18,14,16,134,0,1,33,22,11,1,7,132,4,0
11,14,7,6,11,4,141,7,2,28,34,14,6,0,141,8,1
25,14,33,9,13,4,119,15,15,22,22,13,2,5,115,9,0
4,5,1,0,1,1,23,3,0,5,4,5,1,0,18,1,0
0,0,1,0,1,0,7,0,0,0,0,1,0,0,5,0,0
5,8,11,0,3,3,37,0,4,11,9,6,3,3,39,0,0
8,4,3,2,2,2,47,2,1,3,6,3,2,0,17,3,0
7,6,22,3,3,1,70,1,10,10,12,8,2,0,39,1,0
0,0,1,1,1,0,11,0,0,0,0,1,0,0,6,0,1
8,16,5,8,8,9,243,5,0,30,53,6,0,0,177,3,1
0,1,1,0,1,0,19,1,1,7,5,1,0,0,19,0,0
0,0,1,0,0,1,38,1,0,4,2,1,0,0,40,0,1
1,1,1,2,1,1,21,1,0,6,3,1,0,0,20,0,1
9,7,1,1,4,1,40,4,1,12,8,3,1,1,34,5,0
3,5,3,2,3,1,24,1,2,2,7,5,0,1,18,3,0
2,2,1,2,1,1,42,4,0,10,3,1,0,0,38,1,1
3,3,1,0,1,1,14,1,0,4,2,4,1,0,11,0,0
13,9,17,2,8,2,92,3,8,11,18,12,4,6,51,5,0
8,3,2,3,1,1,34,0,1,11,11,2,1,0,31,7,0
3,1,1,0,2,2,22,1,0,6,2,6,3,0,20,0,0
2,2,1,0,0,0,6,1,0,1,1,0,0,0,6,1,1
6,6,7,3,5,0,43,2,3,11,7,12,7,0,38,1,0
6,5,1,3,4,5,41,3,1,6,6,10,1,0,32,2,0
2,3,1,1,0,0,15,5,0,6,2,1,0,0,15,1,1
4,2,2,1,0,1,21,0,0,5,5,2,0,0,15,3,0
3,0,1,0,1,0,13,1,0,1,1,0,0,0,4,0,0
5,1,1,3,1,1,30,0,0,7,2,1,1,0,17,1,0
5,8,5,1,3,1,35,1,1,3,10,7,2,3,22,1,0
0,3,1,1,2,2,18,0,0,3,5,2,1,0,13,0,1
9,4,2,3,4,5,48,1,0,4,10,3,0,3,44,3,0
10,5,1,4,2,3,35,1,0,4,4,2,0,0,15,1,0
1,2,1,1,1,2,33,2,0,6,4,1,0,0,36,3,1
30,25,19,2,7,12,262,7,8,51,41,27,4,0,219,12,0
2,4,2,0,1,2,14,0,0,4,3,6,0,0,14,0,0
30,14,28,10,6,7,145,1,13,29,38,11,6,9,116,8,0
2,3,4,3,2,0,41,2,0,4,9,1,0,0,23,2,1
32,28,29,3,8,12,292,8,13,55,47,29,6,0,236,14,0
41,25,40,9,9,12,185,2,19,37,54,15,4,11,155,12,0
5,7,2,2,6,0,42,0,0,4,9,5,1,4,30,3,0
5,44,9,9,2,3,517,0,1,81,87,41,0,0,412,24,1
3,6,1,1,4,0,20,0,0,3,4,2,1,1,14,3,0
3,1,2,0,0,3,12,1,0,2,4,1,0,0,8,0,0
2,1,2,0,2,0,3,0,0,1,0,0,0,0,3,0,0
8,1,9,2,1,0,53,1,4,9,6,1,0,1,29,0,0
6,3,2,2,1,1,33,1,2,4,4,5,2,0,31,5,0
3,4,1,7,0,1,36,1,0,2,7,4,0,0,20,0,0
1,2,1,2,0,1,22,3,0,9,5,2,1,0,17,0,1
0,1,1,0,0,0,8,2,0,0,2,0,0,0,3,0,0
11,7,4,3,1,3,52,4,0,4,7,4,1,0,39,3,0
0,4,2,0,0,0,13,0,0,4,2,2,1,0,12,1,0
1,6,1,1,1,0,20,0,0,6,4,0,0,0,15,3,0
3,4,1,0,10,0,41,3,0,4,4,2,0,0,36,1,0
0,0,1,0,0,1,10,1,0,1,3,3,0,0,12,0,0
0,1,2,0,1,0,8,0,0,0,6,0,0,2,6,0,0
0,0,1,1,1,1,5,0,0,2,1,1,0,0,4,2,0
18,12,12,5,3,7,95,5,4,5,16,10,3,3,78,3,0
1,4,1,2,2,1,24,3,0,3,7,3,2,0,8,1,0
0,1,1,0,0,0,2,1,0,1,1,0,0,0,2,1,1
1,1,1,1,0,0,8,1,0,0,4,2,1,0,12,1,1
7,10,3,2,2,0,35,1,0,6,8,2,0,3,20,3,0
1,3,3,0,3,1,13,0,0,2,7,1,0,3,7,0,0
1,1,3,0,1,0,27,0,0,3,6,3,0,1,21,0,0
2,3,3,2,2,1,18,1,0,2,8,5,1,2,15,0,0
4,0,1,0,5,0,20,0,0,6,2,0,0,1,9,1,0
0,1,1,0,1,0,16,0,0,2,0,1,0,0,10,0,1
1,1,1,0,4,0,10,1,0,0,2,0,0,0,7,1,1
22,18,48,2,17,2,203,15,23,37,45,28,12,0,139,6,0
1,6,5,0,1,1,29,0,0,1,11,0,0,4,12,1,0
23,21,54,5,18,2,232,17,26,39,50,29,12,0,154,6,0
0,9,4,0,2,1,43,0,0,9,11,5,2,3,40,3,0
2,2,1,1,1,1,17,2,1,5,2,2,1,0,20,1,1
3,2,3,1,1,0,14,0,0,0,5,3,0,2,10,0,0
0,2,1,1,0,1,14,3,0,4,2,2,0,0,10,0,1
0,0,1,0,0,0,5,0,0,0,2,0,0,0,0,0,0
2,3,2,2,1,0,31,0,0,1,8,6,0,2,29,0,0
29,14,7,6,9,11,133,13,0,27,25,14,8,0,133,8,0
26,14,4,5,5,10,107,4,2,19,24,12,7,0,96,5,0
25,24,63,5,21,3,264,22,30,47,58,30,13,0,173,6,0
1,0,1,1,0,0,4,0,0,0,0,1,0,0,1,0,0
7,5,1,1,6,0,22,1,1,2,4,0,0,0,11,1,0
1,0,1,0,0,0,2,2,0,0,2,2,0,1,7,3,0
0,1,1,0,0,0,2,0,0,0,1,0,0,0,2,1,1
3,3,1,2,2,6,50,4,1,9,7,8,3,0,45,3,1
1,5,3,1,1,0,17,0,0,3,7,4,2,2,14,0,0
4,7,9,0,5,1,99,2,5,12,19,5,3,1,75,3,0
2,2,1,0,1,0,27,1,0,8,3,4,3,0,22,2,0
2,1,1,0,1,0,11,1,0,3,3,6,0,0,15,0,0
5,6,4,1,5,2,33,1,2,8,11,4,1,0,34,1,0
1,1,2,0,1,1,27,1,0,3,7,2,0,1,16,1,0
1,0,1,0,2,1,8,1,0,0,0,1,1,0,4,0,0
15,5,10,1,7,0,66,0,4,15,19,8,3,2,46,1,0
0,0,1,0,0,0,12,0,0,5,4,3,0,0,16,0,0
5,3,3,2,3,2,22,1,0,1,5,2,0,0,18,0,0
0,1,1,1,1,6,14,1,0,3,3,0,0,0,13,1,1
4,1,1,0,0,1,15,1,0,7,4,5,0,0,23,0,0
0,1,1,0,0,0,8,0,0,1,2,0,0,0,3,1,0
2,1,1,0,0,0,14,3,0,1,1,1,0,0,12,0,1
1,2,2,0,1,1,25,1,0,1,8,1,0,0,16,3,0
7,4,2,3,1,5,33,2,0,5,3,2,0,0,27,5,1
0,1,1,1,1,1,5,1,0,0,0,0,0,0,1,1,1
13,13,7,12,5,7,141,6,6,31,38,12,3,2,118,6,0
78,58,19,40,35,52,499,3,3,150,109,54,12,0,481,35,1
0,0,1,0,1,0,2,0,0,0,0,0,0,0,1,0,0
35,27,178,21,4,10,301,0,85,38,76,22,0,36,197,18,0
2,2,2,3,5,3,19,0,0,2,6,2,0,1,11,0,0
3,4,5,0,3,1,28,0,0,5,10,6,1,3,29,2,0
24,24,4,11,11,23,222,17,6,46,33,25,5,0,192,12,1
6,3,3,1,2,1,26,1,0,2,5,3,0,2,19,0,0
2,0,1,0,1,0,13,1,0,2,1,0,0,0,9,1,1
2,0,1,0,0,1,11,0,0,0,2,4,1,0,4,0,0
0,16,5,0,10,2,76,0,0,15,20,7,3,6,63,5,0
7,3,1,5,1,12,58,12,0,3,3,6,0,0,58,5,1
1,8,2,1,2,0,89,0,0,9,11,9,0,0,72,6,1
1,2,2,1,2,0,29,0,0,1,9,1,0,3,15,1,0
1,0,1,1,1,0,18,0,0,1,4,1,0,1,5,1,0
4,7,1,1,2,8,114,6,0,13,9,4,1,0,120,3,1
1,2,1,0,0,1,23,0,0,3,0,2,1,0,14,1,1
0,2,4,0,2,0,30,0,0,0,11,4,0,8,21,0,0
0,0,1,0,1,0,6,0,0,0,1,0,0,1,1,0,0
0,2,5,0,2,0,25,0,0,0,13,4,0,10,20,1,0
3,0,2,2,0,2,14,2,1,9,3,4,1,0,23,1,1
3,2,2,0,1,1,97,1,0,20,14,7,0,0,88,4,1
3,3,1,1,1,0,13,1,0,5,3,0,0,0,8,2,0
11,6,8,1,0,2,45,1,2,15,12,12,1,1,59,3,0
1,2,2,1,0,0,66,0,0,8,6,5,0,0,55,2,1
1,2,3,2,1,0,25,2,1,5,6,1,1,1,17,2,0
0,1,2,0,1,0,12,0,0,0,6,0,0,2,3,0,0
2,8,10,5,3,1,54,0,4,6,12,7,6,4,36,2,0
3,2,2,2,0,2,15,0,0,3,2,3,0,0,19,1,1
7,3,5,1,3,0,26,3,2,0,4,2,0,0,6,0,0
3,1,1,2,1,0,18,1,0,3,2,4,0,0,10,0,0
8,5,1,1,3,0,35,0,0,2,1,2,0,0,13,0,0
0,3,1,1,0,0,10,3,0,5,4,2,0,0,10,0,1
2,3,1,1,0,2,9,3,0,1,0,2,1,0,9,0,0
1,2,1,0,0,1,23,0,0,3,0,2,1,0,14,1,1
2,3,1,1,1,2,33,1,0,7,3,1,0,0,30,1,1
0,0,1,0,1,0,5,0,0,0,1,1,0,0,3,0,0
0,0,1,0,1,0,4,0,0,0,3,0,0,3,2,0,0
0,0,1,0,1,0,2,0,0,0,0,0,0,0,1,0,0
12,7,16,6,3,2,56,0,9,13,15,5,1,2,46,8,0
3,4,1,3,3,0,32,8,0,6,5,2,0,0,26,4,1
10,6,4,12,0,0,58,0,1,11,13,2,1,0,33,2,0
4,4,1,0,7,4,65,0,1,15,9,8,1,0,45,1,0
3,4,2,1,0,0,16,0,0,5,2,1,0,0,13,2,0
0,1,1,0,1,0,1,0,0,1,0,0,0,0,5,1,1
7,6,2,0,4,3,35,8,2,8,2,2,1,0,35,3,0
0,0,2,1,0,0,22,0,0,1,1,7,2,0,20,2,1
0,0,3,1,1,1,13,2,0,5,3,2,0,0,16,0,1
9,5,12,1,8,0,49,7,5,1,9,4,1,1,15,0,0
11,16,9,2,9,0,92,1,2,18,52,6,1,36,64,7,0
12,12,29,5,7,1,97,7,13,21,19,4,1,5,72,13,0
5,5,1,0,7,4,68,0,1,15,11,9,1,0,50,1,0
1,14,3,6,2,2,238,0,0,41,37,15,0,0,204,11,1
40,28,48,22,31,2,275,13,21,26,50,28,11,4,153,10,0
2,2,1,0,1,0,16,0,0,3,0,2,0,0,9,3,0
2,2,1,0,1,0,16,0,0,3,0,2,0,0,9,3,0
0,0,1,0,1,0,2,0,0,0,0,0,0,0,1,0,0
1,6,2,4,6,3,53,9,4,6,6,9,0,0,37,3,1
0,0,1,0,1,0,7,0,0,0,3,0,0,3,4,0,0
37,28,9,17,12,28,224,2,2,76,40,26,6,0,248,10,1
36,30,1,4,3,4,120,13,1,24,20,9,1,0,109,5,0
2,2,4,0,3,0,15,0,0,3,7,4,1,1,17,0,0
6,3,3,1,3,1,23,0,2,9,16,1,1,1,23,3,0
1,2,1,1,3,0,24,3,0,5,4,0,0,0,28,2,1
27,24,76,6,5,5,149,3,33,32,53,22,2,12,154,16,0
32,18,55,6,11,13,168,13,25,31,43,18,8,9,163,10,0
2,5,5,2,4,3,32,3,2,5,10,5,5,0,30,0,0
2,3,2,3,2,1,18,3,0,11,4,4,0,1,29,0,0
3,7,1,0,0,1,17,6,0,4,3,2,2,0,18,0,0
0,0,1,0,1,0,2,0,0,0,0,0,0,0,1,0,0
7,7,10,2,4,1,44,0,3,13,15,1,0,2,40,4,0
1,3,5,0,1,1,16,1,0,3,9,2,0,1,18,1,0
1,3,5,0,1,0,12,0,0,2,6,2,0,1,11,1,0
2,2,3,2,7,3,25,1,0,4,7,5,1,1,21,1,0
5,11,2,3,4,1,145,3,0,22,19,20,0,0,124,5,1
1,3,3,2,1,0,30,3,1,6,6,1,1,1,23,2,0
5,5,2,4,1,2,111,1,0,8,12,9,0,0,73,5,1
0,1,2,0,1,0,12,0,0,0,3,0,0,1,7,1,0
1,2,1,0,0,1,16,0,0,1,2,2,0,0,8,0,0
44,33,62,30,39,4,324,18,27,36,53,32,12,4,184,17,0
15,20,3,18,4,8,115,0,0,33,24,23,5,0,86,10,0
17,21,36,18,5,9,148,1,16,39,37,29,5,6,108,10,0
17,22,35,18,5,11,146,1,15,41,35,30,6,6,112,12,0
34,24,102,9,13,13,218,15,54,37,56,19,7,7,176,10,0
2,5,3,2,2,0,71,8,0,8,12,2,0,0,51,0,1
8,7,11,1,10,4,56,7,5,16,12,9,1,2,55,4,0
3,3,2,0,2,0,16,3,0,5,5,4,0,0,22,2,0
1,0,1,0,1,0,3,0,0,0,2,2,0,0,5,0,0
0,0,1,0,1,0,2,0,0,0,0,0,0,0,1,0,0
0,0,1,0,1,0,4,0,0,0,2,0,0,2,3,0,0
0,0,1,0,1,0,2,0,0,0,0,0,0,0,1,0,0
10,20,13,5,10,1,88,3,6,15,30,4,2,4,72,9,0
1,3,1,1,0,0,8,1,0,0,2,0,0,0,2,0,0
3,1,5,0,6,3,24,1,0,1,9,1,0,1,15,0,0
1,2,1,0,1,2,4,0,0,4,2,0,0,0,5,1,1
11,12,1,6,3,5,56,3,2,14,12,4,1,0,45,2,0
11,14,3,10,6,7,68,18,0,26,15,9,4,0,78,4,1
2,0,1,0,1,0,8,0,0,0,1,0,0,0,3,0,0
3,4,1,0,1,1,34,4,0,9,3,1,0,0,18,0,1
2,6,5,2,1,2,31,1,1,6,4,4,1,2,18,0,0
0,0,1,0,0,0,3,1,0,1,0,0,0,0,1,0,1
33,26,7,29,17,9,201,1,1,63,42,13,3,2,161,11,0
5,3,7,1,1,2,33,0,1,9,7,5,3,2,21,1,0
0,0,1,0,0,0,0,0,0,0,0,0,0,0,1,0,0
3,1,1,2,0,1,11,0,0,0,0,0,0,0,4,1,0
0,1,2,1,0,0,5,1,0,1,2,0,0,2,5,0,0
0,0,1,0,1,0,2,0,0,0,0,0,0,0,1,0,0
2,0,1,0,2,0,3,0,0,0,1,0,0,1,0,0,0
0,0,1,0,1,0,4,0,0,0,2,0,0,2,3,0,0
3,2,2,1,0,3,16,2,0,10,4,2,1,0,28,1,1
1,2,5,2,1,0,11,0,0,2,5,2,0,1,17,1,0
8,8,5,4,4,3,219,8,1,27,24,21,2,0,164,10,1
8,9,1,8,4,5,61,4,1,21,4,5,1,0,51,5,0
3,1,1,1,2,0,15,2,0,0,0,1,0,0,7,2,0
57,57,95,24,11,18,330,20,45,73,97,48,5,17,339,36,0
2,3,3,2,2,1,18,0,2,1,5,5,0,1,12,3,0
0,4,1,1,2,4,52,0,0,2,1,1,0,0,45,1,1
0,8,4,3,0,16,65,0,0,11,17,4,0,0,67,6,1
2,2,2,1,1,0,10,0,0,1,1,1,0,0,6,0,0
0,0,1,0,1,0,2,0,0,0,0,0,0,0,1,0,0
0,0,1,0,1,0,5,0,0,0,2,0,0,2,2,0,0
5,5,4,1,4,0,32,0,0,9,10,4,1,1,39,3,0
4,2,1,0,0,2,19,0,0,5,3,6,0,0,15,0,1
5,1,1,1,3,0,26,2,0,3,3,5,0,0,22,4,1
0,1,1,0,1,0,6,0,1,2,2,5,1,0,17,2,1
0,3,1,2,2,1,18,5,1,3,3,3,0,0,18,2,1
4,2,4,1,1,0,15,0,1,2,4,0,0,1,9,1,0
10,4,4,0,3,3,34,1,0,13,7,5,1,1,40,2,0
5,4,6,3,3,1,27,2,0,2,10,3,0,1,31,1,0
0,5,1,1,2,1,40,8,0,9,7,2,0,0,28,0,1
0,3,2,1,2,0,14,0,0,0,6,0,0,1,8,1,0
0,1,2,0,1,0,12,0,0,0,4,0,0,2,3,0,0
2,1,1,1,1,1,15,2,0,0,0,1,1,0,6,1,0
2,4,3,3,4,1,107,3,0,22,17,8,0,0,109,4,1
14,4,2,2,8,1,50,4,0,25,8,7,1,0,53,2,0
38,19,2,9,3,12,125,0,4,26,12,9,1,0,101,11,1
13,5,4,0,4,0,52,1,2,13,9,3,2,1,32,0,0
0,2,1,0,0,1,3,0,0,0,1,2,0,0,4,0,0
1,8,1,1,1,0,113,0,0,14,15,9,1,0,73,3,1
6,3,2,4,1,2,30,1,0,2,10,5,1,1,22,0,0
5,2,1,4,2,0,23,2,0,2,3,3,1,0,16,3,0
0,0,1,0,1,0,2,0,0,0,0,0,0,0,1,0,0
0,0,1,0,1,0,6,0,0,0,6,0,0,6,3,0,0
0,1,3,0,3,0,19,0,1,1,3,2,0,1,15,0,0
2,2,3,0,1,0,14,0,1,3,2,6,1,0,14,1,0
0,1,2,0,1,0,5,0,0,3,3,0,0,1,7,0,0
0,1,2,0,1,0,12,0,0,2,6,0,0,2,7,0,0
0,1,2,0,1,0,11,0,0,2,6,0,0,2,7,0,0
8,8,1,0,10,11,62,6,0,12,16,5,0,0,68,6,0
10,10,1,5,10,11,94,10,0,18,19,14,7,0,66,9,0
12,10,1,5,2,8,53,7,0,6,10,3,1,1,42,4,0
0,0,1,0,1,0,2,0,0,0,0,0,0,0,1,0,0
4,6,2,2,4,3,146,4,0,22,27,12,0,0,100,7,1
0,0,1,0,1,0,5,0,0,0,3,0,0,3,1,0,0
7,27,7,4,2,2,296,0,1,36,58,21,0,0,225,18,1
0,2,2,0,0,0,11,1,0,3,2,3,0,0,11,1,0
4,2,1,3,0,1,13,3,1,6,5,3,0,0,20,1,1
5,6,4,2,1,2,39,0,1,11,9,1,1,3,24,2,0
9,5,2,4,0,0,33,1,0,6,6,4,1,0,22,0,0
13,3,2,6,1,2,55,2,2,23,4,5,0,0,53,2,1
1,0,1,1,5,0,16,3,0,1,2,1,0,0,7,2,0
0,1,2,0,1,0,5,0,0,1,3,0,0,1,3,0,0
4,7,2,3,5,3,48,5,0,10,13,3,0,0,59,2,1
16,17,8,8,15,8,160,12,2,37,43,18,7,0,157,10,1
0,0,1,0,1,0,5,0,0,0,2,0,0,2,2,0,0
0,0,1,0,1,0,2,0,0,0,0,0,0,0,1,0,0
2,2,1,0,0,0,10,1,0,2,2,3,0,0,8,0,0
0,1,1,0,0,0,4,0,1,2,3,0,0,0,6,1,0
0,4,3,4,1,1,26,1,0,8,8,1,0,0,30,1,1
9,10,19,4,3,5,93,1,11,20,18,4,2,4,54,8,0
16,7,5,11,1,2,68,1,2,16,8,2,0,0,45,2,0
11,18,5,9,9,1,124,2,1,22,25,16,2,1,82,3,0
0,3,1,3,3,1,38,1,0,10,6,2,0,0,34,1,1
9,6,16,0,4,2,56,3,6,4,9,11,3,2,35,7,0
11,6,17,1,1,3,66,2,10,21,16,1,0,1,55,5,0
3,3,3,0,1,1,24,0,0,3,4,5,1,1,24,1,0
1,1,1,0,1,0,3,0,0,0,2,2,0,0,7,0,0
0,0,1,0,1,0,2,0,0,0,0,0,0,0,1,0,0
0,0,1,0,1,0,4,0,0,0,2,0,0,2,3,0,0
9,9,2,0,0,0,39,1,1,9,5,5,3,0,40,4,0
23,9,15,11,1,4,117,2,6,25,18,6,2,3,70,3,0
2,1,5,0,2,0,29,1,0,7,9,5,1,1,44,0,0
5,3,5,2,4,0,11,0,1,2,9,3,0,1,17,1,0
6,5,2,7,1,1,54,1,2,16,8,6,0,0,57,3,1
3,1,4,1,3,2,18,1,0,3,6,3,0,1,33,1,0
1,4,1,0,1,0,17,1,0,6,4,0,0,0,16,3,1
2,1,2,0,1,0,21,0,0,2,6,0,0,2,5,0,0
4,5,1,5,4,8,36,12,1,17,3,2,1,0,51,3,1
0,1,1,2,2,0,35,4,0,4,2,2,0,0,21,2,1
1,2,5,0,1,0,17,0,0,0,6,3,0,1,21,1,0
6,3,6,3,3,0,38,1,0,6,9,5,1,1,35,0,0
4,6,10,2,3,0,51,0,0,4,12,6,0,3,55,3,0
0,0,1,0,1,0,2,0,0,0,0,0,0,0,1,0,0
0,0,1,0,1,0,4,0,0,0,3,0,0,3,1,0,0
5,2,1,1,3,2,33,1,1,3,2,3,0,0,25,3,1
9,8,1,5,3,1,60,13,1,10,8,11,4,0,70,9,0
0,2,1,1,0,0,8,0,0,1,1,0,0,0,4,0,0
1,0,1,0,0,1,8,0,0,5,0,4,0,0,11,2,0
1,2,4,5,1,1,76,0,1,13,6,5,0,0,34,1,0
3,3,1,0,0,1,16,0,0,3,0,5,0,0,11,1,0
2,6,1,6,9,2,85,10,0,9,8,3,1,0,49,3,1
3,4,1,0,0,1,15,1,0,7,1,4,0,1,23,3,0
3,6,4,6,0,2,57,2,0,23,10,5,0,1,73,1,0
2,3,3,3,0,3,46,1,0,13,5,4,0,0,48,1,0
5,21,4,4,2,7,189,1,1,33,29,11,0,0,154,10,1
0,1,1,0,0,0,4,0,0,1,2,1,1,0,4,0,0
1,0,1,0,0,2,6,0,0,0,0,1,0,0,2,0,0
0,1,1,1,1,6,13,1,0,2,2,0,0,0,11,1,1
2,1,8,0,2,0,14,0,3,0,3,3,1,2,7,0,0
1,4,1,0,1,0,17,1,0,6,4,0,0,0,16,3,1
1,1,1,0,0,5,23,0,0,1,8,5,0,0,8,0,0
1,3,2,5,3,1,45,3,0,4,16,1,0,1,25,3,0
4,5,5,3,4,1,33,2,1,10,7,3,0,1,31,1,0
0,0,1,0,1,0,2,0,0,0,0,0,0,0,1,0,0
0,0,1,0,1,0,7,0,0,0,5,0,0,5,3,0,0
13,6,45,6,1,2,91,0,23,14,22,10,1,6,70,8,0
0,4,1,0,0,1,10,1,0,3,0,3,2,0,16,1,1
8,5,5,2,0,0,33,4,1,6,5,3,1,2,24,3,0
0,0,1,0,0,0,0,0,0,0,0,0,0,0,0,0,1
0,1,2,0,1,0,11,0,0,1,3,2,0,1,13,0,0
3,1,1,0,0,1,11,1,0,2,1,0,0,0,9,3,1
61,53,20,27,26,43,450,7,4,108,65,46,15,0,403,20,1
0,1,2,0,1,0,12,0,0,0,6,0,0,2,3,0,0
0,1,2,0,1,0,14,0,0,2,6,0,0,2,7,0,0
1,2,5,0,1,0,8,0,0,0,6,3,0,1,11,1,0
4,8,1,1,2,3,60,5,2,8,7,4,0,0,38,1,1
1,4,3,0,1,1,13,1,0,6,5,0,0,2,16,3,0
0,0,1,0,1,0,2,0,0,0,0,0,0,0,1,0,0
0,0,1,0,1,0,3,0,0,0,2,0,0,2,1,0,0
1,0,1,2,0,0,61,0,0,10,11,7,0,0,55,1,1
57,36,2,22,5,10,209,36,5,49,47,30,16,0,208,9,1
17,21,33,6,5,6,144,9,19,26,30,10,4,6,117,9,0
2,9,4,1,1,2,112,2,0,13,16,10,0,0,76,6,1
6,8,2,2,4,5,51,10,1,4,5,7,4,0,37,4,1
0,0,1,0,1,0,12,1,0,4,0,2,1,0,8,1,0
0,6,3,0,3,0,41,1,1,5,9,2,1,3,26,1,0
7,3,1,5,1,12,58,12,0,5,4,7,0,0,58,5,1
1,3,1,0,1,1,28,4,0,4,3,1,0,0,12,0,1
2,2,1,1,0,0,23,2,1,1,2,2,1,0,8,2,0
0,1,1,1,2,6,13,1,0,2,2,0,0,0,14,1,1
4,3,5,1,1,0,40,2,3,2,3,2,1,0,12,3,0
7,4,2,0,4,0,40,1,0,7,11,6,2,0,38,4,0
0,1,2,0,1,0,7,0,0,1,5,0,0,1,3,0,0
2,3,7,0,1,0,20,0,0,3,9,4,0,1,21,2,0
0,0,1,0,2,0,18,4,0,1,2,1,0,0,7,2,1
0,1,2,0,1,0,16,0,0,0,6,0,0,2,3,0,0
2,8,1,0,0,2,34,5,0,8,3,10,5,0,49,5,1
2,18,1,4,2,6,53,6,1,14,7,1,0,2,42,5,0
0,0,1,0,1,0,2,0,0,0,0,0,0,0,1,0,0
7,17,3,6,4,3,330,1,2,36,47,23,0,0,253,15,1
0,0,1,0,1,0,3,0,0,0,3,0,0,3,2,0,0
2,4,4,1,3,4,56,3,3,11,10,3,1,0,57,0,1
21,20,8,18,9,6,151,3,7,29,34,9,1,7,135,3,0
0,7,1,4,0,11,39,3,0,19,7,5,1,0,67,4,1
11,5,61,5,2,1,89,1,29,20,30,10,0,14,69,6,0
0,1,2,0,3,0,15,0,0,1,7,0,0,2,8,0,0
4,5,7,1,0,0,41,3,3,1,2,2,1,0,14,3,0
16,14,1,0,5,7,67,12,0,16,12,8,1,0,55,4,0
1,6,1,0,1,0,91,5,0,3,4,2,0,0,67,7,1
0,0,1,0,0,0,8,0,0,3,2,0,0,0,8,0,0
6,3,2,4,0,2,28,1,0,3,2,7,3,1,15,0,0
9,11,17,5,0,3,70,1,9,15,12,12,5,4,47,3,0
17,21,33,7,0,6,127,1,17,27,27,17,6,6,96,9,0
16,16,32,8,2,5,104,2,17,15,15,17,7,6,69,4,0
20,21,31,8,8,2,170,6,13,30,22,11,2,2,97,27,0
10,7,3,2,5,5,35,3,0,6,16,4,1,1,33,3,0
0,1,1,1,0,2,7,1,0,1,2,2,0,0,8,0,1
1,3,4,2,4,0,40,1,2,6,7,4,2,2,20,5,0
10,11,1,8,2,3,77,8,0,8,9,7,1,0,48,0,1
0,1,1,0,0,0,2,0,0,1,0,0,0,0,2,1,1
1,2,1,0,3,1,85,4,0,6,7,3,1,0,83,1,1
0,1,2,0,3,0,20,0,0,2,6,0,0,2,7,0,0
3,2,2,2,3,4,40,1,0,1,13,1,0,2,22,1,0
13,8,4,3,4,3,57,1,1,11,12,4,1,0,48,6,0
5,9,1,3,1,3,68,4,2,18,7,7,2,0,56,1,0
12,18,8,11,11,7,159,14,2,35,45,23,7,0,161,8,1
0,0,1,0,0,0,0,0,0,0,0,0,0,0,1,0,0
0,0,1,0,2,0,4,0,0,0,2,2,0,0,5,0,0
0,0,1,0,1,0,2,0,0,0,0,0,0,0,1,0,0
0,0,1,0,1,0,4,0,0,0,2,0,0,2,1,0,0
3,2,7,0,3,1,27,1,3,2,7,6,2,0,23,3,0
5,2,1,2,2,0,16,1,0,2,2,5,0,0,12,0,0
4,1,1,2,1,1,12,6,1,7,3,1,1,0,19,0,0
0,1,1,1,2,0,27,4,0,2,1,1,0,0,12,2,1
7,15,19,3,3,0,55,4,11,11,8,6,3,1,44,3,0
2,11,1,1,2,2,47,6,0,5,11,5,1,0,48,2,1
9,20,27,5,3,1,79,4,15,19,8,11,3,2,63,3,0
3,7,1,2,5,3,56,3,3,15,8,3,0,0,56,0,1
23,8,15,0,7,1,100,2,6,22,17,6,3,4,57,0,0
2,13,5,1,0,2,158,0,0,23,38,16,1,0,154,5,1
17,15,5,6,4,4,86,19,0,13,11,14,2,0,100,7,1
2,1,1,0,1,0,5,1,0,1,0,3,0,0,7,0,0
4,0,1,3,2,0,31,1,1,5,7,2,0,0,15,2,0
0,0,1,0,1,0,2,0,0,0,0,0,0,0,1,0,0
0,0,1,0,1,0,4,0,0,0,3,0,0,3,1,0,0
3,5,1,2,0,0,21,0,1,3,6,2,2,0,17,1,0
8,5,1,3,5,3,44,0,0,11,6,4,0,1,39,4,0
18,15,19,6,3,2,110,8,8,14,18,22,8,4,89,5,0
4,0,1,0,5,0,20,0,0,6,2,0,0,1,9,1,0
10,6,5,3,6,5,69,6,1,6,18,2,1,2,42,8,0
0,1,4,0,3,0,20,0,1,0,5,0,0,2,3,2,0
0,5,5,0,1,1,33,0,1,5,12,0,0,4,22,2,0
0,3,3,0,0,1,11,0,0,4,3,0,0,0,11,2,0
4,1,1,1,4,1,28,2,1,4,2,1,0,0,23,2,1
0,0,1,0,1,0,2,0,0,0,0,0,0,0,1,0,0
5,5,1,1,1,2,91,3,0,7,7,3,1,0,90,1,1
0,0,1,0,1,0,5,0,0,0,5,0,0,5,4,0,0
11,2,19,2,8,2,73,0,9,20,32,2,1,22,52,4,0
6,5,1,1,1,1,32,3,3,6,7,2,1,0,25,0,0
12,6,3,4,5,3,45,9,0,8,8,3,3,0,51,2,0
0,0,1,1,0,0,13,0,0,7,6,0,0,0,13,0,0
7,8,1,1,1,2,30,7,0,15,5,1,1,0,35,1,1
2,5,1,0,3,1,32,4,0,11,7,8,5,0,30,0,0
2,1,1,0,1,1,12,0,0,5,0,1,0,0,12,0,0
38,30,75,10,10,15,226,7,40,39,54,22,9,6,177,11,0
10,16,7,9,10,5,122,8,2,26,34,13,6,0,111,8,1
8,11,6,4,4,30,115,12,0,16,20,12,0,0,114,7,1
0,0,1,0,1,0,2,0,0,0,0,0,0,0,1,0,0
0,0,1,0,1,0,5,0,1,0,4,1,0,3,4,1,0
1,0,1,1,0,1,20,0,0,4,2,3,0,0,21,2,1
5,5,2,2,3,0,21,2,1,1,10,0,0,2,19,3,0
8,1,3,0,0,2,12,1,1,6,2,2,0,0,18,2,1
0,0,1,0,1,0,5,0,0,0,3,0,0,3,3,0,0
2,2,1,1,2,0,6,2,1,1,2,0,0,0,7,0,0
2,16,3,6,2,0,266,0,3,33,41,26,0,0,217,8,1
22,8,72,4,12,5,143,2,30,37,54,13,1,10,145,12,0
7,2,7,0,5,1,31,0,3,10,11,3,0,1,27,4,0
2,3,1,2,2,0,39,6,1,7,1,0,0,0,23,2,1
8,3,12,4,2,1,47,0,7,9,10,6,2,2,42,7,0
2,6,2,1,4,3,68,2,2,9,10,4,0,0,53,0,1
0,0,1,1,1,0,8,0,0,1,1,0,0,0,5,1,0
0,3,10,4,2,0,46,1,3,7,15,0,0,6,26,3,0
8,3,7,1,1,0,52,0,3,4,7,1,0,1,22,5,0
0,1,2,2,3,0,11,0,0,0,6,2,0,2,8,0,0
0,3,1,0,0,0,14,0,0,1,2,4,1,0,8,0,0
24,17,35,4,10,8,103,2,16,40,25,7,2,12,92,7,0
2,1,4,0,3,2,26,1,1,3,7,3,2,3,20,1,0
2,1,4,0,2,2,37,1,1,2,6,5,0,2,31,3,0
2,2,3,0,2,2,13,0,1,0,4,1,0,2,6,3,0
6,9,3,6,5,8,54,16,0,14,17,13,3,0,80,6,0
1,2,9,6,3,0,76,0,5,4,10,1,0,5,24,0,0
4,1,1,1,0,1,48,2,2,2,7,2,1,0,22,4,0
0,0,1,0,1,0,2,0,0,0,0,0,0,0,1,0,0
0,0,1,0,1,0,5,0,0,0,3,0,0,3,2,0,0
3,4,12,0,5,0,33,1,5,4,9,3,0,2,15,7,0
3,3,8,0,4,0,23,1,3,3,6,3,0,1,12,5,0
14,6,8,7,1,5,79,1,3,24,20,3,2,4,73,9,0
7,3,3,4,1,1,41,1,1,14,11,3,2,2,44,8,0
3,3,4,0,2,1,38,1,1,5,10,1,0,2,26,2,0
13,17,4,12,8,22,175,26,4,42,33,12,6,0,154,15,1
19,12,22,7,4,7,133,3,9,32,34,5,2,8,100,12,0
1,5,1,0,2,1,83,4,0,2,6,0,0,0,68,4,1
0,3,1,0,1,2,16,0,0,3,4,1,0,0,20,4,1
9,2,3,1,7,3,24,3,0,4,5,10,1,0,24,3,0
0,1,2,0,3,0,13,0,0,2,8,0,0,2,10,0,0
7,11,19,3,5,3,92,4,5,9,30,6,5,19,61,4,0
1,1,1,1,0,1,7,1,0,1,3,1,0,0,7,0,1
7,9,14,3,4,3,79,3,4,8,26,6,5,16,53,4,0
3,5,1,0,0,6,37,1,0,4,11,2,1,0,18,4,0
1,0,1,1,0,2,7,0,0,1,5,0,0,0,9,2,0
2,4,2,0,2,2,77,3,0,11,6,6,2,0,75,2,1
3,2,1,0,2,3,19,5,0,2,6,5,2,0,20,4,1
3,1,2,1,1,2,33,4,0,5,6,3,1,0,30,2,0
2,2,1,1,0,0,37,0,0,7,5,4,3,0,33,4,0
0,0,1,0,1,0,2,0,0,0,0,0,0,0,1,0,0
0,5,1,3,3,0,105,0,0,16,17,8,0,0,83,8,1
0,0,1,0,1,0,6,0,0,0,2,0,0,2,1,0,0
2,0,1,0,0,0,10,0,0,1,3,2,0,0,10,0,0
1,2,5,0,2,0,16,1,2,1,2,3,0,1,8,2,0
0,5,5,0,1,0,12,2,2,1,2,4,0,1,10,2,0
0,4,1,0,0,0,6,2,0,0,0,3,0,0,6,0,0
1,2,1,0,1,0,6,1,0,0,0,2,0,0,4,0,0
1,1,1,0,1,0,8,1,0,0,0,2,0,0,4,0,0
0,0,1,0,0,0,2,0,0,1,0,0,0,0,4,0,1
1,1,1,0,1,0,6,0,0,0,0,2,0,0,5,0,0
14,30,15,14,21,11,260,12,7,49,52,17,7,0,216,9,1
25,46,9,16,7,19,205,22,1,40,82,12,2,21,181,12,0
18,11,18,7,4,6,114,3,8,29,31,5,2,6,94,11,0
7,4,1,4,5,0,39,7,0,5,7,3,1,0,29,0,0
3,0,1,0,2,0,17,1,0,4,4,0,0,1,13,1,0
0,0,1,0,1,0,2,0,0,0,0,0,0,0,1,0,0
0,0,1,0,1,0,5,0,0,0,2,0,0,2,2,0,0
7,5,6,4,3,2,56,1,5,9,15,10,5,3,41,10,0
1,1,1,0,1,0,5,0,0,0,0,2,0,0,3,0,0
2,4,7,0,1,0,25,0,2,1,1,4,0,1,14,3,0
7,10,2,2,4,5,54,11,1,6,8,9,5,0,43,4,1
0,1,2,0,1,0,13,0,0,2,8,0,0,2,10,0,0
0,0,1,0,2,0,11,0,0,2,0,1,0,0,13,0,0
0,0,1,0,1,0,9,0,0,0,4,0,0,4,5,0,0
3,0,1,1,3,0,22,0,0,4,5,2,1,0,16,3,0
0,0,1,0,1,0,2,0,0,0,0,0,0,0,1,0,0
2,0,1,1,3,0,32,4,0,8,6,3,1,0,30,3,1
0,0,1,0,1,0,6,0,0,0,4,0,0,4,2,0,0
1,2,6,0,4,0,33,2,1,4,10,4,1,2,24,3,0
1,3,7,0,1,0,31,1,1,5,11,2,0,2,19,4,0
0,7,1,0,1,0,12,0,0,4,1,2,1,0,9,1,0
0,0,1,0,1,0,2,0,0,0,0,0,0,0,1,0,0
1,7,4,2,1,0,102,1,0,8,16,11,0,0,62,5,1
0,0,1,0,1,0,3,0,0,0,3,1,0,2,3,0,0
0,0,1,0,1,0,3,0,0,0,3,0,0,3,2,0,0
0,0,1,0,1,0,5,0,0,0,2,0,0,2,1,0,0
7,6,17,0,3,0,49,3,8,9,10,3,2,4,25,4,0
1,7,1,0,1,0,17,0,0,1,2,0,0,0,8,2,0
0,0,1,0,1,0,2,0,0,0,0,0,0,0,1,0,0
12,2,2,4,2,3,63,0,0,14,12,8,2,0,61,3,1
0,0,1,0,1,0,3,0,0,0,3,0,0,3,2,0,0
61,58,115,21,28,12,456,6,53,61,103,61,10,28,323,27,0
7,1,1,1,0,6,25,0,0,6,2,0,0,0,20,4,0
4,3,6,0,1,0,41,1,2,4,11,0,0,0,17,0,0
3,2,1,0,0,7,42,0,0,18,18,2,0,0,52,2,0
0,5,1,0,0,0,16,0,0,3,2,0,0,0,12,1,0
3,3,2,2,0,1,15,1,0,5,2,3,1,0,14,0,0
0,2,1,0,0,0,26,1,1,12,2,3,0,0,22,0,0
0,0,1,0,1,0,2,0,0,0,1,1,0,0,3,0,0
0,0,1,0,1,0,6,0,0,0,4,0,0,4,3,0,0
5,2,2,0,0,1,13,0,0,0,0,1,0,0,5,1,0
11,13,39,4,12,7,113,3,17,22,33,14,1,13,91,5,0
29,32,48,5,16,13,195,12,24,52,46,28,12,9,194,21,0
6,5,1,2,2,3,41,5,0,15,10,2,0,0,48,4,1
0,0,1,0,1,0,2,0,0,0,0,0,0,0,1,0,0
0,0,1,0,1,0,3,0,0,0,3,0,0,3,2,0,0
10,3,16,5,1,2,61,0,9,13,11,4,0,2,47,6,0
73,68,157,23,35,13,629,10,74,65,132,83,11,40,403,40,0
0,2,1,0,1,0,3,0,0,2,8,0,0,0,8,0,1
6,4,16,3,3,0,31,0,8,10,4,2,0,2,27,6,0
5,1,2,1,2,0,12,0,2,8,1,2,0,0,21,2,0
7,1,12,0,6,2,39,1,5,5,5,3,0,4,16,5,0
3,0,2,0,5,1,21,1,0,2,1,2,0,1,6,2,0
37,26,5,30,24,21,252,0,2,77,51,27,5,0,251,11,1
11,6,24,3,2,1,96,2,11,7,27,4,0,3,42,1,0
1,0,1,0,3,0,11,0,0,0,0,2,1,0,5,1,0
3,1,1,3,3,0,38,6,0,7,4,2,0,0,25,3,1
6,1,1,2,1,1,26,1,0,5,2,3,1,0,18,0,0
3,2,1,0,3,1,17,2,0,5,4,0,0,0,15,1,0
0,0,1,0,1,0,3,0,0,0,3,0,0,3,2,0,0
0,2,1,0,1,2,16,8,0,2,6,4,2,0,29,3,1
0,0,1,0,1,0,2,0,0,0,0,0,0,0,1,0,0
11,4,36,5,2,2,87,0,19,16,17,7,0,5,65,9,0
2,4,1,1,4,0,27,0,1,7,3,6,4,0,28,4,0
5,3,1,0,1,0,19,3,0,1,4,2,1,0,10,0,0
2,0,1,0,0,0,20,1,0,2,3,2,2,0,11,1,0
4,3,7,1,5,0,27,2,2,1,1,4,2,0,16,2,0
0,1,1,1,1,0,22,0,0,3,2,1,0,0,10,0,1
1,4,6,0,3,0,33,2,1,6,12,2,0,2,25,4,0
1,3,1,0,2,1,57,3,0,9,8,6,0,0,58,5,1
7,10,4,8,2,5,75,12,0,15,9,5,3,0,62,2,0
14,16,3,9,18,4,90,8,0,18,21,10,6,2,89,1,0
0,0,1,0,1,0,4,0,0,0,1,2,0,0,4,0,0
2,7,8,5,1,3,90,1,0,20,15,9,0,0,81,5,1
0,1,1,2,1,5,10,0,0,3,2,1,0,0,12,0,1
0,0,1,0,1,0,2,0,0,0,0,0,0,0,1,0,0
5,5,1,4,2,2,43,1,0,13,9,2,0,0,39,7,1
0,0,1,0,1,0,3,0,0,0,3,0,0,3,2,0,0
33,28,9,30,10,17,252,0,0,78,52,7,1,2,273,11,0
2,1,2,0,3,0,9,0,0,0,6,0,0,2,6,0,0
1,0,1,0,0,0,9,0,0,1,0,0,0,0,3,1,0
0,0,1,0,5,0,40,4,0,12,10,3,1,0,38,2,1
3,0,1,0,0,5,4,0,0,2,2,0,0,0,7,1,0
1,3,1,2,0,0,26,3,0,2,6,3,0,0,20,3,1
2,3,1,0,0,1,11,3,0,1,5,1,0,0,10,1,0
21,23,1,5,3,0,95,4,0,17,20,7,1,0,80,8,0
0,0,1,0,1,0,4,0,0,0,3,0,0,3,1,0,0
0,0,1,0,1,0,2,0,0,0,0,0,0,0,1,0,0
7,2,1,1,4,1,27,0,0,7,5,7,2,0,25,5,0
54,16,15,5,21,11,205,20,2,47,57,23,7,9,190,16,0
15,9,4,19,16,17,191,12,1,34,63,8,2,0,189,2,1
1,1,24,0,4,0,41,0,11,4,2,3,0,2,32,2,0
0,9,9,1,7,0,47,2,4,3,7,11,3,1,33,2,0
0,5,8,1,5,0,45,1,3,2,7,8,1,1,31,1,0
0,4,1,1,4,0,26,1,0,2,5,6,1,1,19,0,0
12,18,8,11,12,5,146,9,2,29,32,14,6,0,143,8,1
5,0,1,2,2,1,18,0,0,6,3,3,1,0,23,1,0
9,10,4,7,3,1,236,2,0,32,32,17,0,0,185,13,1
4,2,6,1,1,2,33,1,2,4,5,2,1,2,19,0,0
5,0,1,0,1,2,9,1,0,2,2,3,0,0,5,0,0
7,8,10,2,1,1,42,1,9,2,13,6,0,3,28,3,0
9,9,1,2,0,6,50,2,0,7,7,1,0,0,35,1,1
38,28,2,27,17,21,195,15,1,49,33,29,14,0,181,10,1
1,5,1,0,0,3,33,1,0,4,2,1,1,0,20,0,0
2,4,2,3,1,1,104,0,0,18,14,11,0,0,86,8,1
25,17,3,9,4,6,122,0,1,22,14,9,2,0,88,6,0
0,4,5,0,3,0,30,1,0,0,18,4,0,15,32,2,0
5,2,1,3,2,1,36,1,0,8,4,1,0,0,26,2,1
0,0,1,0,1,0,8,0,0,0,7,0,0,7,3,0,0
0,0,1,0,1,0,2,0,0,0,0,0,0,0,1,0,0
2,2,1,2,1,0,16,0,0,4,2,3,0,0,22,1,1
1,2,1,0,0,2,4,1,0,2,2,2,0,0,9,0,1
1,1,1,1,0,1,7,1,0,2,3,2,0,0,9,0,1
19,18,1,12,11,15,131,12,2,36,28,14,5,0,110,5,1
25,17,3,9,4,6,122,0,1,22,14,9,2,0,88,6,0
17,22,3,8,8,3,134,13,3,44,19,14,8,0,132,4,0
0,0,1,0,0,0,0,0,0,0,0,0,0,0,2,0,0
6,3,1,3,2,1,26,2,0,11,4,1,0,1,19,1,0
3,4,3,0,5,0,37,1,0,0,19,3,0,13,21,0,0
0,1,1,1,1,0,15,3,0,1,2,2,0,0,12,3,1
0,0,1,0,0,0,0,0,0,0,0,0,0,0,0,0,1
0,0,1,0,1,0,2,0,0,0,0,0,0,0,1,0,0
0,0,1,0,1,0,3,0,0,0,3,0,0,3,2,0,0
4,11,4,2,2,0,81,6,1,5,13,11,6,5,56,4,0
0,0,1,0,1,0,2,0,0,0,1,1,0,0,3,0,0
0,0,1,0,1,0,3,0,0,0,3,0,0,3,2,0,0
7,2,2,0,1,3,25,3,1,4,9,4,1,0,31,0,0
5,4,3,2,2,0,34,0,0,7,11,8,1,0,37,4,1
5,6,1,7,0,1,29,0,0,5,10,3,1,2,27,1,0
13,18,5,9,4,5,106,2,0,46,26,8,1,2,135,1,0
24,34,319,20,8,11,429,4,155,74,212,32,2,146,340,19,0
6,13,3,3,2,5,78,1,1,19,10,5,0,0,87,5,1
90,53,8,19,18,31,369,33,5,90,78,30,10,7,329,20,0
2,4,1,1,4,7,34,1,0,10,6,4,2,1,29,6,0
24,15,6,1,4,1,92,4,2,11,21,9,2,2,77,0,0
0,2,1,2,1,5,10,0,0,4,2,2,0,0,11,1,1
0,0,1,0,1,0,4,0,0,0,1,0,0,1,1,0,0
0,0,1,0,1,0,3,0,0,0,3,0,0,3,2,0,0
24,15,6,1,4,1,92,4,2,11,21,9,2,2,77,0,0
3,6,37,1,4,1,73,1,17,8,23,2,0,17,57,4,0
3,1,1,0,3,1,18,2,0,7,5,0,0,0,17,1,0
3,1,1,0,3,1,15,2,0,7,5,0,0,0,16,0,0
1,1,1,0,1,0,8,6,0,1,0,1,0,0,5,1,1
0,0,1,0,1,0,2,0,0,0,0,0,0,0,1,0,0
0,0,1,0,1,0,3,0,0,0,3,0,0,3,2,0,0
8,1,1,2,2,1,37,0,0,8,9,4,1,0,23,7,0
0,0,1,0,0,0,0,0,0,0,0,0,0,0,0,0,1
10,13,5,8,2,2,107,10,1,14,16,16,5,5,75,9,0
3,2,1,0,0,1,23,0,0,4,2,1,0,0,7,3,0
36,19,6,20,9,15,221,10,2,53,19,14,2,0,205,8,1
5,0,1,0,0,1,20,0,0,3,2,1,1,0,8,2,0
10,34,8,13,3,7,559,1,2,82,90,49,0,0,459,22,1
10,15,6,7,2,3,342,1,0,37,39,17,0,0,227,20,1
1,1,1,2,0,1,31,1,0,2,2,3,2,0,11,2,0
8,6,3,3,1,0,45,0,0,5,10,1,0,4,22,3,0
3,0,1,0,0,4,12,1,1,3,4,1,1,0,11,2,0
1,1,1,3,0,0,8,0,0,3,1,0,0,0,9,0,1
10,1,1,3,4,0,30,0,0,3,6,0,0,0,11,4,0
1,2,2,3,1,1,30,0,1,6,5,3,0,0,28,4,1
8,6,3,3,0,0,41,0,0,5,8,1,0,3,22,3,0
0,1,3,0,1,2,14,0,0,1,4,0,0,0,5,3,0
8,11,6,4,4,30,115,12,0,16,20,12,0,0,114,7,1
4,0,1,4,2,0,35,1,1,5,7,2,0,0,15,2,0
0,0,1,0,1,0,5,0,0,0,5,0,0,5,6,0,0
0,1,1,0,0,2,16,0,0,5,1,1,0,0,19,3,1
1,17,37,4,18,0,121,3,19,8,15,22,7,3,83,9,0
2,3,4,0,1,1,34,3,2,7,6,0,0,1,26,4,0
1,2,1,1,2,0,29,1,0,5,4,0,0,0,13,2,0
6,2,1,2,1,3,43,4,0,8,5,4,0,0,36,3,1
8,19,4,7,3,2,271,0,1,39,38,20,0,0,201,9,1
4,2,2,1,5,2,38,1,2,7,6,4,1,0,34,3,0
10,7,1,4,0,3,32,4,1,12,5,2,1,0,26,0,1
0,1,2,0,0,1,7,0,0,0,1,0,0,0,3,1,0
0,1,1,0,1,0,8,0,0,2,0,1,0,0,8,1,1
0,0,1,0,0,0,0,0,0,0,0,0,0,0,0,0,1
0,0,1,0,1,0,2,0,0,0,1,1,0,0,3,0,0
3,4,1,1,3,5,38,4,1,19,6,10,3,0,47,0,1
8,11,6,4,4,30,115,12,0,16,20,12,0,0,114,7,1
0,0,1,0,1,0,2,0,0,0,0,0,0,0,1,0,0
0,0,1,0,1,0,3,0,0,0,3,0,0,3,2,0,0
0,0,1,0,0,0,11,0,0,4,1,1,0,0,16,3,1
13,9,4,19,16,17,131,12,1,25,24,7,2,0,114,2,1
2,2,2,1,2,0,24,1,0,5,6,2,0,0,21,1,0
0,1,1,1,0,2,8,1,0,1,2,2,0,0,8,0,1
3,3,7,0,3,1,38,2,4,2,7,8,3,0,27,3,0
4,0,1,0,5,0,22,0,0,6,2,0,0,1,9,1,0
1,2,1,0,0,1,6,1,0,2,3,1,0,0,8,0,1
1,15,21,4,14,0,89,3,11,8,10,20,7,1,66,5,0
4,9,37,3,7,2,97,3,18,14,33,8,4,18,80,8,0
18,16,6,12,10,6,153,8,1,34,35,18,6,0,144,7,1
0,4,1,0,0,1,7,0,0,4,3,1,1,0,11,1,0
1,1,1,1,0,1,8,1,0,2,3,1,0,0,8,0,1
0,0,2,0,0,1,13,1,0,1,2,0,0,0,7,1,0
1,2,1,0,0,0,41,1,0,6,9,3,0,0,35,1,1
1,1,1,1,1,3,23,1,1,5,5,3,0,0,23,1,1
23,23,5,15,11,12,213,27,1,22,32,14,6,1,159,15,0
0,0,1,0,1,0,2,0,0,0,0,0,0,0,1,0,0
3,4,1,2,2,2,61,2,2,8,8,3,0,0,43,1,1
5,12,2,7,4,5,73,3,0,8,7,8,5,0,56,6,1
3,0,1,2,3,0,39,1,0,11,8,4,0,0,38,3,1
0,0,1,0,1,0,3,0,0,0,3,0,0,3,2,0,0
1,1,1,1,3,1,23,0,0,6,5,1,0,0,17,0,1
0,0,1,0,0,0,1,0,0,0,0,0,0,0,0,0,0
3,2,1,0,2,0,22,2,1,0,2,0,0,0,7,1,0
0,0,1,3,4,2,34,2,1,9,1,2,0,0,30,0,1
3,0,1,2,3,0,32,4,1,3,2,2,0,0,21,1,0
0,1,2,0,0,0,14,0,1,4,3,1,0,0,13,0,0
44,21,4,26,15,21,240,15,0,52,35,16,7,0,180,12,1
5,4,3,0,2,1,39,2,2,2,10,7,3,2,32,6,0
5,3,4,2,5,3,71,1,2,8,16,1,0,4,31,5,0
4,1,3,1,2,2,28,1,1,7,6,1,0,0,20,4,0
5,7,6,3,0,1,71,3,0,16,8,8,0,0,53,2,0
5,3,1,0,2,1,20,0,1,5,6,0,0,0,18,2,0
2,2,2,1,0,0,10,1,0,0,2,1,0,2,5,0,0
6,10,2,4,2,5,46,3,1,11,9,5,0,0,50,3,1
0,0,1,0,1,0,2,0,0,0,0,0,0,0,1,0,0
0,0,1,1,0,1,21,0,0,5,3,2,1,0,15,0,1
0,0,1,0,1,0,3,0,0,0,3,0,0,3,2,0,0
5,3,1,0,2,1,20,0,1,5,6,0,0,0,18,2,0
11,8,7,5,3,2,86,3,0,24,16,9,3,0,75,4,1
6,1,5,0,3,1,33,1,2,5,8,4,0,2,25,6,0
0,3,1,1,1,0,10,0,0,5,2,2,1,0,11,1,0
25,14,34,6,13,4,182,7,18,26,27,18,8,7,106,9,0
0,0,1,0,1,0,2,0,0,0,0,0,0,0,1,0,0
0,0,1,0,1,0,3,0,0,0,3,0,0,3,2,0,0
14,6,30,7,6,2,97,0,18,20,23,14,4,4,78,13,0
1,0,1,3,1,1,18,7,2,2,5,0,0,0,10,1,1
8,11,6,4,4,30,116,13,0,16,20,12,0,0,114,7,1
11,3,16,5,3,3,62,0,9,16,15,4,0,2,53,5,0
11,3,16,6,3,3,63,0,9,15,15,4,0,2,53,5,0
11,3,16,6,4,3,76,1,9,18,19,5,0,2,64,5,0
11,3,17,4,3,3,56,0,10,14,15,4,0,2,50,5,0
75,67,160,26,37,14,654,9,77,73,142,85,13,41,420,44,0
74,66,161,25,37,14,645,9,78,70,141,84,13,41,413,43,0
8,3,16,4,2,1,56,0,9,10,11,7,2,2,45,7,0
1,2,3,4,1,1,14,2,0,5,4,2,0,0,22,0,1
36,30,4,16,21,6,260,9,15,49,63,24,1,0,195,15,0
28,38,6,17,14,15,284,34,0,40,34,22,7,1,194,8,0
0,1,2,0,0,0,14,0,1,4,3,1,0,0,13,0,0
6,10,4,1,4,1,55,0,1,11,22,2,1,4,45,9,0
24,20,8,11,10,10,164,8,3,41,37,15,6,0,178,8,1
4,4,2,1,2,1,14,0,0,5,4,1,0,0,18,3,0
2,2,1,3,0,2,41,1,0,1,2,3,1,0,48,4,1
5,19,8,7,0,1,228,10,0,30,40,10,3,0,148,14,0
0,1,1,1,0,0,12,1,0,0,2,0,0,0,5,1,1
9,8,1,0,5,0,43,9,0,7,13,4,1,0,34,1,0
5,6,2,1,0,1,10,4,0,5,1,5,1,0,24,2,1
10,10,2,2,3,5,70,6,1,9,14,8,1,0,57,4,1
4,3,2,0,0,2,26,2,2,3,7,2,0,0,15,0,0
1,2,1,1,1,0,16,3,0,5,3,1,0,0,12,0,0
0,4,1,0,2,5,71,6,0,4,9,3,1,0,65,2,1
7,2,1,0,0,1,23,1,0,4,4,2,0,0,20,2,0
5,7,3,3,3,1,98,1,0,16,22,8,0,0,104,3,1
0,0,1,0,1,0,3,0,0,0,1,1,0,0,3,0,0
5,1,5,3,4,2,49,7,0,12,13,6,2,0,52,3,1
1,3,2,0,3,1,41,0,0,0,16,3,0,13,17,0,0
0,0,1,0,1,0,11,0,0,0,7,0,0,7,7,0,0
13,13,2,4,4,4,82,8,0,12,13,10,2,0,60,3,1
7,2,1,0,0,1,23,1,0,4,4,2,0,0,20,2,0
37,21,5,33,6,27,215,0,0,84,48,15,3,18,239,6,0
5,10,13,4,3,0,98,2,6,12,17,3,1,4,64,3,0
5,12,29,5,7,4,99,4,12,15,19,12,4,8,83,13,0
5,3,2,4,3,1,39,2,0,6,13,4,0,0,42,5,1
1,2,1,0,0,2,7,1,0,1,1,2,0,0,8,0,1
0,1,1,0,0,0,18,0,0,2,1,1,0,0,11,0,1
3,11,20,5,7,3,84,4,8,14,17,12,4,6,77,11,0
0,0,1,0,0,0,9,0,0,2,0,1,0,0,6,0,1
9,6,12,4,6,1,74,2,5,15,17,5,4,6,63,14,0
3,8,12,2,5,3,57,4,4,8,11,11,4,4,56,7,0
2,4,5,1,3,1,27,2,1,7,7,9,4,2,33,6,0
0,0,1,0,0,0,6,1,0,1,2,2,0,0,5,0,1
7,3,3,4,2,1,46,1,1,13,10,4,3,2,47,9,0
9,13,38,2,3,3,98,1,17,12,20,10,2,11,53,4,0
12,7,13,3,2,2,48,1,4,16,9,4,0,5,41,6,0
1,4,2,0,1,0,9,0,0,2,2,0,0,0,9,1,0
2,5,1,1,3,7,32,1,0,7,5,3,2,1,26,4,0
4,4,2,2,1,4,20,3,1,1,7,1,0,0,19,1,0
0,0,1,0,1,0,7,0,0,0,3,1,0,2,5,0,0
1,0,2,0,0,0,19,1,0,3,3,3,0,0,21,2,1
10,5,4,0,4,0,44,0,0,3,22,5,0,12,24,1,0
0,0,1,0,1,0,3,0,0,0,0,0,0,0,1,0,0
0,0,1,0,1,0,3,0,0,0,3,0,0,3,2,0,0
10,15,36,8,11,5,131,4,16,23,26,17,5,10,112,18,0
3,2,3,1,2,2,25,3,0,4,4,7,0,0,30,1,1
0,1,2,0,0,0,14,0,1,4,3,1,0,0,13,0,0
3,0,1,1,0,1,49,4,0,3,14,0,0,0,44,1,1
1,0,1,0,3,0,7,0,0,1,0,0,0,0,6,1,0
17,5,6,4,3,4,72,7,1,18,11,5,1,0,63,9,1
1,3,1,0,0,0,14,0,0,4,3,2,0,0,19,0,1
1,4,2,0,1,0,9,0,0,2,2,0,0,0,9,1,0
2,4,1,1,2,7,33,1,0,6,4,3,2,1,25,4,0
0,0,1,0,0,0,3,0,0,0,1,0,0,0,5,0,1
0,0,1,0,1,0,3,0,0,0,0,0,0,0,1,0,0
13,6,13,3,6,3,80,3,8,7,14,5,1,3,46,5,0
8,3,1,2,4,1,44,3,2,3,3,4,1,0,25,2,0
2,4,1,1,1,2,74,0,0,8,14,4,0,0,49,4,1
10,14,7,8,11,6,115,7,1,23,33,16,7,0,114,7,1
0,3,1,1,0,0,21,1,1,2,2,5,1,0,12,1,0
17,20,17,4,12,1,124,9,5,15,33,21,14,9,70,10,0
2,5,1,1,2,5,70,0,0,5,10,9,0,0,49,4,1
0,1,2,0,0,0,14,0,1,4,3,1,0,0,13,0,0
12,2,2,10,7,3,61,3,1,11,7,2,1,0,63,4,0
4,13,5,1,4,1,61,0,1,7,18,2,1,3,41,5,0
1,4,3,0,0,0,9,0,0,2,2,0,0,0,10,1,0
2,6,1,2,2,1,37,3,0,3,7,3,0,0,35,2,1
0,0,1,0,1,0,3,0,0,0,0,0,0,0,1,0,0
0,0,1,0,1,0,4,0,0,0,3,0,0,3,2,0,0
1,2,3,2,3,0,37,1,1,6,7,6,2,1,30,6,0
0,0,1,0,1,0,4,0,0,0,3,0,0,3,2,0,0
1,0,2,0,0,0,12,1,0,1,1,0,0,0,7,0,1
0,0,1,0,1,0,3,0,0,0,0,0,0,0,1,0,0
13,8,4,19,16,17,136,12,1,24,24,8,2,0,113,3,1
0,0,1,2,0,0,16,5,0,1,0,1,0,0,2,0,0
4,1,1,3,1,2,27,2,0,4,12,4,0,0,23,0,0
2,0,1,0,0,0,2,0,0,1,1,0,0,0,4,0,0
0,0,1,0,0,0,6,0,0,0,1,0,0,0,3,0,1
1,0,1,0,3,0,11,0,0,2,3,0,0,0,6,1,0
5,3,3,0,2,1,20,0,0,2,5,0,0,0,15,2,0
1,0,1,0,0,0,2,0,0,0,1,0,0,1,1,0,0
0,0,1,2,0,0,5,0,0,1,0,2,0,0,6,0,0
1,5,2,3,0,1,24,6,0,3,6,0,0,0,30,0,1
0,0,1,0,1,0,12,0,0,0,7,0,0,7,3,0,0
3,2,1,4,2,0,39,7,0,7,6,1,0,0,28,4,1
0,0,1,0,0,0,6,0,0,0,0,0,0,0,4,0,1
0,0,1,0,1,0,3,0,0,0,0,0,0,0,1,0,0
13,7,26,4,6,3,103,3,14,8,21,7,1,9,53,8,0
14,9,29,7,4,3,106,4,15,25,17,10,2,5,94,8,0
1,0,1,0,2,0,8,0,0,0,0,0,0,0,5,1,0
5,3,24,1,9,0,37,1,11,3,7,1,0,2,20,9,0
1,2,15,0,7,0,20,0,7,1,4,0,0,2,8,6,0
2,2,1,3,0,0,17,1,0,4,4,1,0,0,13,0,1
0,0,1,0,1,0,3,0,0,0,0,0,0,0,1,0,0
1,2,1,0,0,1,5,1,0,1,2,1,0,0,7,0,1
1,1,7,0,3,0,18,0,3,0,1,0,0,0,10,2,0
6,7,18,0,3,1,32,1,8,5,9,4,2,3,37,0,0
2,4,1,2,4,2,31,1,0,8,3,3,2,0,27,1,0
1,2,2,0,3,0,24,0,0,0,16,6,1,9,17,1,0
0,0,1,0,1,0,4,0,0,0,3,1,0,2,3,0,0
0,1,1,0,0,3,3,0,0,2,0,0,0,0,3,0,1
0,0,1,0,1,0,3,0,0,0,0,0,0,0,1,0,0
0,1,1,0,0,0,0,1,0,1,0,0,0,0,1,0,1
5,3,4,0,1,2,24,0,0,4,4,3,0,0,16,0,0
7,7,34,6,7,0,97,3,17,8,29,6,3,7,62,8,0
7,4,21,6,6,0,79,2,11,8,21,6,3,5,45,5,0
6,9,14,3,6,5,62,3,4,11,13,13,4,6,67,8,0
29,9,1,6,9,10,187,8,4,57,44,18,0,3,216,6,0
1,6,2,1,4,2,31,5,0,6,7,4,0,0,34,1,1
0,1,2,0,0,0,14,0,1,4,3,1,0,0,13,0,0
4,10,2,0,4,1,53,12,0,20,7,16,8,0,59,3,0
0,0,1,0,1,0,3,0,0,0,1,1,0,0,3,0,0
2,0,2,0,2,0,4,1,0,0,1,1,0,0,3,0,0
1,2,1,0,0,2,6,1,0,1,1,2,0,0,7,0,1
1,2,1,0,0,2,6,1,0,1,1,2,0,0,7,0,1
0,0,1,0,1,0,3,0,0,0,0,0,0,0,1,0,0
0,0,1,0,1,0,4,0,0,0,3,0,0,3,2,0,0
0,0,3,0,1,0,9,0,0,0,10,1,0,9,12,3,0
6,6,28,2,2,0,58,1,14,10,6,13,1,1,48,7,0
4,3,14,3,0,0,43,1,7,8,3,6,1,0,30,3,0
5,5,20,3,0,0,59,1,10,15,12,10,1,5,45,6,0
0,2,1,0,0,0,0,0,0,1,0,0,0,0,1,0,1
0,1,2,0,0,0,14,0,1,4,3,1,0,0,13,0,0
16,12,38,5,4,4,97,2,15,24,15,9,0,8,63,12,0
14,10,3,5,3,7,120,4,3,28,21,9,6,0,96,6,0
4,3,5,1,3,1,33,3,1,8,8,6,0,3,28,3,0
15,6,2,4,1,6,39,5,1,12,8,2,1,0,46,2,0
7,13,1,4,8,2,102,2,0,16,16,4,2,0,80,5,0
0,0,1,0,1,0,4,0,0,0,3,0,0,3,2,0,0
0,2,1,0,2,1,30,4,0,3,4,1,0,0,12,1,1
0,0,1,0,1,0,3,0,0,0,0,0,0,0,1,0,0
15,18,63,9,7,1,198,3,33,37,44,27,2,13,148,19,0
11,16,47,8,8,0,156,4,23,14,49,9,3,11,104,10,0
3,13,2,1,9,1,65,14,0,25,9,11,6,0,71,6,0
4,6,1,0,1,2,36,3,0,4,2,2,2,0,24,1,0
7,7,3,2,1,1,26,4,0,4,7,4,0,1,29,1,0
1,0,1,0,1,0,6,0,0,0,1,1,1,0,1,0,0
0,0,1,0,2,0,10,0,0,0,8,1,0,7,8,0,0
0,0,1,0,1,0,4,1,0,0,1,0,0,1,1,0,0
17,51,12,13,8,7,911,0,2,143,149,75,0,0,764,56,1
0,0,1,0,1,0,9,0,0,0,6,0,0,6,5,0,0
0,0,1,0,1,0,3,0,0,0,0,0,0,0,1,0,0
0,0,1,0,0,1,8,0,0,1,0,2,0,0,5,0,0
3,0,1,1,2,1,11,1,0,0,1,2,0,0,4,1,0
0,1,1,0,0,0,3,1,0,1,0,0,0,0,3,1,1
5,7,2,2,3,3,47,10,1,6,5,8,5,0,48,3,1
2,0,1,1,0,0,7,0,0,1,2,4,2,0,6,2,0
6,5,41,1,17,0,68,2,20,5,10,1,0,3,36,14,0
0,1,2,0,0,0,14,0,1,4,3,1,0,0,13,0,0
1,0,1,0,1,0,9,1,1,2,3,1,0,0,6,0,0
0,0,1,0,1,0,5,0,0,0,3,0,0,3,2,0,0
3,2,1,3,2,2,27,1,0,3,3,3,0,0,24,1,1
0,1,1,0,0,0,4,0,0,0,1,1,0,0,3,1,1
1,1,1,0,2,0,18,2,0,5,4,2,0,0,14,0,0
1,2,1,2,1,0,18,1,2,2,2,2,0,0,9,1,0
3,3,1,2,0,0,22,1,0,4,3,4,2,0,23,2,1
4,3,2,0,6,4,46,9,1,12,21,6,1,3,47,6,0
2,5,1,1,3,3,78,1,0,13,8,8,0,0,66,4,1
4,4,10,0,3,0,49,3,4,8,16,3,2,5,38,1,0
5,5,13,2,3,0,34,2,7,6,13,5,3,0,27,2,0
42,11,5,15,3,22,179,4,1,55,29,25,5,0,184,17,1
4,1,1,0,1,3,13,1,0,1,3,1,0,0,5,0,0
0,0,1,0,1,0,3,0,0,0,0,0,0,0,1,0,0
0,1,1,2,1,0,20,1,0,4,3,3,1,0,16,0,1
0,0,1,0,1,0,4,0,0,0,3,0,0,3,2,0,0
8,0,1,2,3,0,28,1,1,7,2,4,1,0,24,3,0
0,2,3,0,1,1,49,1,1,3,8,5,0,0,29,5,0
4,8,1,1,1,0,24,3,0,5,1,2,1,0,19,2,0
1,1,1,1,2,0,9,0,0,3,1,0,0,0,7,1,0
0,2,2,1,1,0,46,0,0,8,6,8,0,0,44,2,1
0,0,1,0,1,0,3,0,0,0,0,0,0,0,1,0,0
0,0,1,0,0,1,6,0,1,0,0,0,0,0,3,0,1
0,0,1,0,1,0,4,0,0,0,3,0,0,3,2,0,0
0,1,1,0,0,0,0,0,0,0,0,0,0,0,2,1,1
1,1,1,1,2,0,9,0,0,3,1,0,0,0,7,1,0
1,3,1,0,0,0,13,0,0,1,1,3,1,0,7,1,0
0,0,2,3,4,1,32,2,1,9,2,3,0,0,29,0,1
9,7,1,0,2,3,23,0,0,6,3,2,0,0,18,1,0
0,0,1,0,1,0,3,0,0,0,0,0,0,0,1,0,0
0,0,1,0,1,0,5,0,0,0,3,0,0,3,1,0,0
0,6,2,0,0,1,16,3,1,2,3,3,1,0,14,1,0
12,20,2,9,3,8,83,17,0,27,19,14,3,0,109,9,0
7,0,1,2,2,1,20,2,3,2,0,0,0,0,9,1,0
0,1,2,0,0,0,14,0,1,4,3,1,0,0,13,0,0
12,26,13,20,32,12,271,7,4,51,47,16,6,0,208,9,1
3,2,1,0,0,1,15,0,1,3,2,2,2,0,8,3,0
0,0,1,0,1,0,3,0,0,0,0,0,0,0,1,0,0
0,0,1,0,1,0,9,0,0,0,7,0,0,7,6,0,0
1,1,1,0,0,0,0,0,0,0,0,0,0,0,4,1,1
1,1,1,1,0,1,8,0,0,3,1,1,0,0,12,1,1
24,25,89,8,13,1,254,6,44,22,79,15,6,19,151,23,0
20,23,78,8,13,1,234,5,39,20,71,13,6,17,139,19,0
13,20,66,8,10,0,195,4,33,16,61,10,4,15,121,13,0
12,19,55,8,10,0,180,4,28,15,56,10,4,13,116,12,0
11,8,7,3,8,0,56,1,6,5,13,11,0,2,34,4,0
8,19,17,4,2,4,113,10,5,14,23,11,7,8,71,3,0
0,1,1,0,0,0,3,0,0,0,1,0,0,0,0,0,1
5,10,10,4,1,4,63,5,3,8,15,4,3,4,37,1,0
5,8,9,1,2,0,43,5,4,5,14,3,1,4,26,2,0
11,14,6,10,9,5,111,7,1,29,32,17,7,0,115,7,1
38,37,9,24,16,20,313,49,1,64,41,27,8,1,254,9,0
5,4,4,2,0,0,22,0,2,5,3,6,2,0,20,2,0
0,0,2,0,1,0,8,0,0,0,6,1,0,5,8,2,0
1,4,1,2,0,1,13,2,0,2,3,1,0,0,10,1,1
0,0,2,0,1,0,7,0,0,0,5,1,0,4,8,2,0
2,1,1,2,2,2,25,0,0,2,3,3,0,0,22,1,1
0,0,1,0,1,0,3,0,0,0,0,0,0,0,1,0,0
0,0,1,0,1,0,4,0,0,0,3,0,0,3,2,0,0
0,0,1,0,0,0,7,0,0,0,1,0,0,0,2,0,0
2,1,1,2,2,3,24,0,0,2,3,3,0,0,22,1,1
16,28,20,8,8,5,176,13,6,22,34,20,11,11,126,6,0
12,12,8,3,8,0,78,4,7,10,18,15,0,2,57,5,0
0,0,1,0,0,0,2,0,0,0,1,0,0,0,1,0,0
21,13,17,4,12,1,102,3,9,16,22,16,0,3,62,7,0
1,2,11,1,2,0,30,3,5,5,8,2,1,0,26,4,0
2,2,1,0,3,0,10,1,0,3,6,0,0,0,14,2,0
0,0,1,0,1,0,3,0,0,0,0,0,0,0,1,0,0
36,23,4,19,17,36,322,6,2,118,71,40,9,0,353,17,1
7,1,2,1,3,1,30,0,0,5,10,3,0,0,17,2,0
3,2,7,0,3,1,27,1,3,2,7,6,2,0,23,7,0
23,15,21,4,15,2,130,5,11,19,26,19,2,3,75,8,0
2,0,1,1,0,1,35,0,0,6,3,3,0,0,33,4,1
8,9,1,3,1,1,53,2,0,10,16,3,0,3,43,6,0
0,0,1,0,1,0,3,0,0,0,0,0,0,0,1,0,0
0,0,1,1,0,0,10,0,0,3,0,2,0,0,11,0,1
0,0,1,0,1,0,6,0,0,0,3,0,0,3,2,0,0
7,2,2,0,1,3,24,3,1,4,9,4,1,0,31,1,0
2,0,1,3,1,1,31,6,0,3,1,3,0,0,26,0,1
8,3,1,2,3,1,23,0,0,4,5,4,1,0,17,1,0
14,15,6,11,11,5,127,9,1,24,36,16,6,0,120,7,1
5,0,1,0,1,0,31,0,0,11,10,2,0,0,33,2,0
0,0,1,0,0,0,2,1,0,0,0,0,0,0,0,1,1
3,2,22,1,4,0,56,2,9,6,11,7,0,0,36,2,0
55,53,16,28,28,44,466,14,5,144,69,68,21,0,468,24,1
3,1,12,1,4,0,45,2,5,5,9,5,0,0,30,2,0
2,0,1,1,2,0,29,2,0,4,7,2,0,0,23,1,0
5,3,2,1,3,1,35,1,2,8,11,4,1,0,29,2,0
6,3,25,0,3,3,32,0,10,7,11,4,1,6,28,6,0
4,0,1,0,5,0,20,0,0,6,2,0,0,1,9,3,0
6,3,18,0,10,0,63,0,8,17,30,0,0,23,38,6,0
3,1,4,0,4,3,34,0,1,1,7,3,1,2,30,7,0
2,3,8,0,1,0,25,0,4,3,5,1,0,3,13,7,0
1,1,2,0,0,0,14,0,1,2,0,0,0,0,8,4,0
0,0,1,1,1,0,15,1,0,3,3,0,0,0,6,1,1
4,0,1,4,2,0,31,1,1,5,7,2,0,0,15,5,0
0,0,2,0,0,0,2,0,0,0,2,2,0,0,6,0,1
0,0,1,0,1,0,3,0,0,0,0,0,0,0,1,0,0
0,0,1,0,1,0,6,0,0,0,3,0,0,3,2,0,0
2,14,6,1,3,1,153,1,0,28,26,18,0,0,163,7,1
3,0,1,0,1,1,8,0,1,2,5,1,0,0,5,2,0
0,1,1,0,0,0,2,0,0,0,1,0,0,0,1,0,1
2,3,8,0,1,0,25,0,4,3,5,1,0,3,13,7,0
1,1,2,0,0,0,14,0,1,2,0,0,0,0,8,4,0
19,25,3,8,5,4,131,2,2,28,22,6,0,0,73,3,0
0,5,2,2,1,2,46,0,0,7,13,8,2,0,51,0,1
0,0,3,2,2,1,14,0,0,3,4,0,0,0,20,4,1
0,1,2,1,0,0,18,0,1,6,6,1,0,0,16,0,0
2,3,2,0,0,1,6,0,0,1,3,1,0,0,10,2,0
9,11,2,14,7,14,142,16,3,24,24,12,6,0,100,15,1
0,0,1,0,1,0,15,0,0,0,7,0,0,7,6,0,0
9,3,17,5,2,2,49,0,10,11,12,4,0,0,41,7,0
6,12,20,0,3,1,75,0,8,21,19,5,0,1,99,7,0
1,1,2,0,1,0,9,1,0,0,6,0,0,2,6,1,0
80,67,42,37,17,51,551,3,1,221,80,63,12,0,644,31,1
1,2,3,3,5,1,26,1,1,0,7,5,0,3,24,6,0
11,10,24,2,3,1,59,2,12,7,10,8,2,0,35,3,0
1,1,1,0,4,1,20,2,0,0,1,1,0,0,5,1,0
51,55,6,33,22,36,440,6,7,112,55,55,11,0,426,26,1
6,0,2,2,2,2,28,2,1,1,4,4,0,0,14,3,0
18,18,63,5,6,4,143,3,26,28,23,14,1,13,81,14,0
3,2,1,0,1,0,17,0,0,5,2,2,0,0,14,2,0
0,0,1,0,1,0,3,0,0,0,0,0,0,0,1,0,0
0,0,1,0,1,0,6,0,0,0,3,0,0,3,2,0,0
6,3,16,5,2,1,53,0,9,11,9,7,2,0,41,11,0
1,3,5,1,0,0,14,2,0,5,2,0,0,0,15,0,1
3,2,1,0,1,0,17,0,0,5,2,2,0,0,14,2,0
1,2,1,0,1,0,12,1,1,3,4,1,0,0,15,1,1
1,3,3,3,4,0,26,0,1,2,8,2,0,3,18,7,0
0,0,1,0,0,0,0,0,0,0,0,0,0,0,0,0,1
9,12,21,2,5,5,81,1,10,13,13,13,6,4,60,7,0
15,12,18,4,13,0,93,5,10,12,20,13,1,3,57,6,0
3,3,1,4,6,2,42,3,0,11,6,2,0,0,41,2,1
13,17,27,5,6,5,114,3,12,18,17,16,7,6,74,11,0
2,1,1,1,2,2,11,0,1,2,3,1,0,0,18,3,0
1,1,1,1,1,0,28,0,0,6,5,2,0,0,26,0,1
0,0,1,0,0,1,6,1,0,1,1,1,0,0,6,1,0
0,0,1,0,0,0,6,1,0,0,1,0,0,0,5,0,1
6,5,2,1,4,3,36,1,1,6,10,2,0,1,43,6,0
9,1,2,4,0,2,29,0,0,6,5,3,0,0,20,0,0
1,2,20,0,1,0,31,1,9,1,10,2,1,4,20,1,0
0,14,1,0,0,4,22,0,0,3,1,1,0,0,12,16,1
4,4,20,2,1,0,46,0,9,4,15,1,1,4,31,3,0
1,1,1,0,1,0,7,0,0,1,2,1,1,0,6,1,0
3,3,1,0,0,0,23,1,0,6,3,1,0,0,19,1,0
0,0,1,0,1,0,6,0,0,0,4,1,0,3,4,0,0
2,1,1,3,2,3,27,0,0,3,3,3,0,0,25,1,1
5,11,7,1,8,1,76,2,3,2,23,3,0,13,34,0,0
2,1,1,2,2,2,27,0,0,3,3,3,0,0,27,1,1
0,0,1,0,1,0,3,0,0,0,0,0,0,0,1,0,0
1,4,2,0,5,1,37,0,1,0,14,3,0,10,14,0,0
0,1,1,0,0,0,2,0,0,0,0,0,0,0,0,0,1
9,1,2,4,0,2,29,0,0,6,5,3,0,0,20,0,0
1,2,20,0,1,0,31,1,9,1,10,2,1,4,20,1,0
4,4,20,2,1,0,46,0,9,4,15,1,1,4,31,3,0
1,1,1,0,1,0,7,0,0,1,2,1,1,0,6,1,0
9,6,5,2,6,6,66,12,4,14,16,9,2,0,65,6,0
0,1,2,0,1,0,8,0,0,0,6,0,0,2,6,0,0
2,0,1,0,3,0,18,0,1,2,0,0,0,0,5,0,0
1,5,1,1,0,2,82,0,0,9,16,8,0,0,68,8,1
0,0,1,0,1,0,2,0,0,0,0,0,0,0,1,1,0
0,0,1,0,1,0,6,0,0,0,3,0,0,3,2,0,0
1,1,1,0,0,0,9,0,0,3,4,0,0,0,10,1,0
3,13,342,8,1,1,236,0,156,22,81,16,0,32,174,19,0
2,3,2,5,2,2,72,0,0,13,13,7,0,0,66,2,1
4,26,9,10,3,2,526,0,3,87,70,41,0,0,388,30,1
5,2,2,0,1,0,15,0,1,0,10,0,0,2,7,1,0
3,4,4,0,3,1,55,1,2,8,10,4,2,1,40,14,0
16,8,10,6,11,4,68,7,7,15,15,19,4,0,100,13,0
1,2,1,1,0,0,8,0,0,2,0,0,0,0,6,0,1
2,0,1,0,0,4,6,0,0,1,2,0,0,0,6,1,0
0,0,1,1,0,0,3,0,0,0,1,0,0,0,0,0,1
0,1,1,1,0,1,10,3,0,0,1,0,0,0,2,0,0
5,4,16,3,10,0,49,1,7,9,13,3,2,7,30,4,0
2,1,1,3,0,0,28,1,0,8,1,7,1,0,25,0,1
3,1,2,0,2,0,11,0,0,2,4,0,0,0,6,0,0
15,6,8,5,8,7,98,7,0,14,13,12,2,0,72,3,1
0,0,1,0,0,0,1,1,0,0,0,0,0,0,1,0,1
2,2,9,3,5,0,28,1,4,4,8,1,1,4,17,2,0
2,1,1,3,3,0,17,1,0,4,3,1,1,1,11,1,0
10,4,1,7,0,1,42,2,0,9,11,5,1,0,33,3,0
0,1,1,0,0,0,3,0,0,3,3,0,0,0,11,1,1
5,8,6,3,1,2,35,2,2,8,8,5,3,2,31,3,0
0,2,2,0,3,0,33,0,0,0,15,4,0,10,24,0,0
0,0,1,0,1,0,2,0,0,0,1,1,0,0,3,0,0
0,0,1,0,1,0,6,0,0,0,3,0,0,3,2,0,0
12,3,1,6,0,2,58,3,3,8,6,4,1,0,42,2,1
5,4,16,3,10,0,49,1,7,9,13,3,2,7,30,4,0
3,1,2,0,2,0,11,0,0,2,4,0,0,0,6,0,0
2,2,9,3,5,0,28,1,4,4,8,1,1,4,17,2,0
2,1,1,3,3,0,17,1,0,4,3,1,1,1,11,1,0
10,4,1,7,0,1,42,2,0,9,11,5,1,0,33,3,0
5,8,6,3,1,2,35,2,2,8,8,5,3,2,31,3,0
12,5,7,2,2,3,51,1,2,10,10,5,1,4,38,8,0
16,20,4,8,10,13,118,11,1,32,24,20,9,0,122,6,1
10,4,2,2,1,3,32,1,0,7,3,3,1,0,23,5,0
1,0,1,0,3,0,12,2,0,0,1,2,1,0,6,1,0
31,18,26,6,18,2,162,6,16,23,41,23,3,5,99,12,0
0,2,1,0,0,0,2,1,0,0,0,0,0,0,1,0,1
9,12,12,3,3,3,65,3,5,6,11,10,2,0,56,3,0
2,1,1,2,2,2,25,0,0,2,3,3,0,0,23,1,1
3,9,44,3,1,0,80,3,25,2,20,8,1,14,31,5,0
3,6,1,1,2,3,43,3,2,5,5,3,0,0,42,0,1
20,11,8,4,6,0,85,3,3,15,5,8,2,3,51,3,0
1,3,3,0,0,0,13,0,0,1,2,1,0,0,10,1,0
23,16,4,7,6,14,117,15,2,30,31,9,2,0,118,15,0
0,1,2,0,2,1,5,0,0,0,1,0,0,1,1,0,0
0,0,1,0,1,0,1,1,0,0,0,0,0,0,0,0,1
0,0,1,0,1,0,6,0,0,0,9,0,0,9,8,5,0
2,0,1,0,1,0,6,1,0,0,0,0,0,0,2,0,0
0,0,1,0,1,0,4,0,0,0,1,0,0,1,1,0,0
8,11,23,6,6,3,95,5,10,13,17,6,5,4,66,5,0
0,0,1,0,0,0,1,1,0,0,0,0,0,0,1,0,1
24,19,1,15,6,5,174,19,2,40,31,10,0,0,128,13,0
2,0,1,0,1,0,18,1,1,15,2,1,1,0,23,2,0
14,11,6,2,10,3,101,0,1,15,33,2,1,3,67,8,0
15,11,6,2,10,3,100,1,1,15,32,1,0,3,69,8,0
2,39,1,2,1,4,438,2,10,66,75,111,0,0,618,6,1
2,7,2,1,3,0,24,0,0,5,7,0,0,0,19,5,0
0,1,1,0,0,0,2,0,0,0,0,0,0,0,0,0,1
0,3,2,0,3,0,37,0,0,5,12,0,0,3,21,4,0
0,0,1,0,0,0,1,0,0,1,0,0,0,0,3,0,1
0,1,1,0,1,0,6,0,0,3,2,0,0,0,6,1,0
0,0,1,0,1,0,2,0,0,0,0,0,0,0,1,0,0
0,0,1,0,1,0,3,0,0,0,3,0,0,3,2,0,0
15,30,28,5,3,4,133,2,11,18,19,16,5,10,95,11,0
5,1,1,4,2,0,58,4,0,9,11,3,0,0,36,11,1
4,13,14,3,2,1,64,1,5,7,11,8,4,6,50,4,0
10,5,1,1,7,8,42,13,0,13,6,4,0,0,42,5,0
0,0,1,0,0,0,0,0,0,0,0,0,0,0,0,0,1
6,5,1,1,2,2,29,0,1,4,2,0,0,0,16,0,0
2,1,2,3,3,0,32,0,1,11,6,3,2,0,26,3,0
5,3,3,0,2,1,20,0,0,2,5,0,0,0,15,2,0
1,2,2,3,4,0,31,3,0,2,3,6,0,0,28,1,1
0,2,1,0,0,0,2,1,0,0,0,0,0,0,2,0,1
0,0,1,0,1,0,2,0,0,0,1,1,0,0,3,0,0
2,10,4,4,3,3,131,3,0,21,34,12,0,0,117,10,1
0,0,1,0,1,0,2,0,0,0,2,0,0,2,1,0,0
2,1,2,0,0,1,10,0,0,5,3,0,0,0,12,1,0
11,16,6,12,9,5,118,7,1,28,32,18,10,0,121,7,1
1,4,3,0,0,0,14,0,0,1,2,1,0,0,10,1,0
1,1,1,3,2,2,71,3,0,7,11,2,0,0,45,2,1
16,13,2,10,10,6,133,10,3,36,25,24,9,7,124,16,0
3,3,1,1,2,0,31,3,0,9,6,2,1,0,37,2,0
0,0,1,0,1,0,2,0,0,0,0,0,0,0,1,0,0
0,0,1,0,1,0,3,0,0,0,3,0,0,3,2,0,0
3,2,2,3,0,0,32,4,0,6,9,2,0,0,29,1,1
0,1,2,0,1,0,8,0,0,0,6,0,0,2,6,0,0
3,2,3,0,0,0,48,2,0,3,1,7,1,0,30,3,1
2,6,1,0,1,0,20,1,0,4,10,1,0,0,20,0,1
2,3,4,0,3,2,41,1,1,4,8,0,0,2,19,5,0
11,11,5,5,7,1,86,5,3,11,20,14,1,2,65,7,0
0,5,3,3,0,1,20,8,0,5,1,3,1,0,34,2,1
36,18,15,6,15,0,155,4,6,21,12,17,2,7,91,3,0
