segment,annual_spending,latitude,longitude
Low Value,2170.87798788858,52.733393643344144,29.212539510263994
New,1562.851251764766,52.27867169520124,13.938514089068567
High Value,11900.847676372101,41.3330408112138,29.028596207236646
Low Value,1711.5481721687984,50.368160438904084,29.89638587931902
Low Value,1550.792664325821,43.003380016340834,24.234456114920974
New,1147.5757514519516,54.74867537442971,29.62287463583644
High Value,7359.533585958716,50.24443841625349,21.390795591342073
High Value,13662.917531708707,53.604555584167066,15.190835663521806
Low Value,2589.7200603606434,40.833458012047686,18.739917713312416
Medium Value,4530.824347895295,41.69584032091606,21.87121870757572
Low Value,1143.4327354545612,54.326467761253646,11.4616312405403
Low Value,2676.9361870827065,41.44168671997347,22.446865292344924
Low Value,1942.730077373691,41.42513455530517,29.62355673524589
Low Value,2618.908155986731,40.24216950469775,13.802152995674552
New,521.6717023616899,59.1300279659896,25.851902325767668
High Value,8801.249954092455,54.75016718918014,28.15797587559239
New,1001.573109915455,47.06502817004128,28.874031856404414
New,1014.0941781294226,45.930711625753105,29.202712088108946
New,864.980358556227,46.99406459491699,20.42919277442944
Low Value,2311.4249661737495,55.49307062362364,29.546158159830075
Medium Value,3932.3795706174055,53.22741222140829,25.146204142688777
High Value,9715.241029957413,43.703911357349355,13.233428724739237
Medium Value,5120.295631711899,43.48218670668169,19.5380021293594
New,1154.3316502176247,41.96791299426795,24.36662350744008
New,1213.484463426667,53.206054394026765,14.946806316381666
Medium Value,3875.357908162131,55.287453244434715,22.812303670977748
Medium Value,3465.8858292643777,45.30092856650008,23.332009580932386
Medium Value,6277.676821898509,40.41889922061826,13.253994876171317
New,1099.6942035938775,41.64343334952855,21.301706249055126
New,775.454039033034,59.357200696900605,25.43253821957215
High Value,13102.303951045045,45.908895549548404,19.97791329071884
High Value,10231.349268585718,55.384462956762675,10.24206233552215
New,1353.789155219148,52.49327137708528,10.180769381585844
Medium Value,5067.5184814101085,47.63879279305792,17.140586879400246
Medium Value,7060.747924881987,44.113745243911104,28.52388136863564
High Value,13510.68168488641,42.42772836318813,14.573535592072176
New,925.310755456278,52.30025936077733,22.687273777433745
High Value,11943.141901908712,55.49267561275576,14.44151741386641
High Value,11290.751899170295,52.878085070822614,16.433399793190972
Low Value,2684.3157787661744,50.606042664983164,26.96084179202968
Low Value,1517.5382697099478,40.83902446863272,24.57722884539894
Low Value,2343.0257299992195,59.36977555188768,11.907985546264213
Medium Value,6058.424486849588,55.97428383309149,18.57404041972867
New,472.37815407306573,45.856440734019294,10.583395272905289
New,645.0224462002675,59.599406587177015,19.61780293206018
New,388.23034667196987,52.037631792726444,23.24868023402136
New,919.1779496666327,51.648453164144925,12.370052471963032
Low Value,2358.7711278979814,54.96146358859065,15.777698778183314
Medium Value,6502.357052096028,56.23539576180275,17.95673251004314
Medium Value,5074.094780419775,53.12957214663005,28.390620493120995
Low Value,2814.307772785646,42.561914927324,29.86510030845928
Medium Value,3619.8985417851086,46.765350119889966,10.898225979912317
Low Value,1148.3087803224225,58.561672806520995,25.22015846990784
New,983.3356903310143,44.49231223687704,17.434481328046864
Low Value,2192.0327244696537,47.443340476750265,17.8491637245896
New,990.1915755717721,48.64153765888392,25.085299466940455
New,379.767369988037,48.788099793889046,28.368528642908174
High Value,9821.759920974424,52.25879164989051,29.018571890050968
Low Value,1347.7652497475733,58.861516754894154,21.542451720766415
High Value,11339.345097660076,44.8138542366501,17.142423186010056
Low Value,2183.299123048424,42.430027526018364,25.750981717175584
Low Value,1530.0601068363223,43.94940979719875,15.020027665246005
High Value,8972.266165326613,57.73849800418539,21.281480576670354
High Value,7881.572956222097,52.916216253104125,17.17156923049746
Low Value,1968.660451363414,45.7181357847832,23.132621474157524
Medium Value,5955.142320501238,56.318938779372345,14.807978257870138
New,704.2821860993369,57.22739992726872,13.831858914696515
High Value,11008.093031035689,56.93028677380556,28.364781733508742
New,840.9227144882677,58.378530672791086,12.036073658990738
Medium Value,4207.127167737655,45.044820403467234,20.11915815469863
Medium Value,4892.969640045442,55.10083857492557,14.417055659260178
Medium Value,3964.757677580626,49.2107899454828,10.77859926651335
High Value,8892.701389305636,56.83997105780123,10.720376365828528
Medium Value,3802.122107411152,54.569813543232264,13.504435442116547
High Value,13929.450265832778,55.52894892999449,27.335407090120004
Medium Value,5035.263551971729,53.12323675362143,15.649574879540534
New,790.0823476022243,43.54857538939414,29.009183411505916
New,1064.1939732202666,50.900538377938766,21.63244585978387
Low Value,1943.8359751545852,59.69339479049016,18.732283795375324
New,933.7091201400331,58.74776132994238,21.60177669338909
Low Value,2307.0833500217127,40.863474715940235,20.333967704525357
New,1227.2523130141915,43.296296314588744,25.175525075146503
High Value,8938.997704778945,42.63457546909124,15.649921319457045
New,827.254527806596,54.51959819970591,17.061007832006048
Low Value,1862.474151424178,56.355706597138905,27.881886050665013
Low Value,849.0394176322077,44.27022732621344,28.92913026300811
Medium Value,3484.8089378014474,50.11705385903658,27.85116454972949
High Value,12733.74853488905,56.814060560224,18.38895987914627
New,1493.4903140503852,54.65603089532501,25.607310060137635
Medium Value,4750.9639604436215,50.84474410983697,19.526714666021974
New,1172.9670889167298,51.806953809175454,19.950797042922044
New,1093.3750463630608,50.167210938325596,14.093602181145679
Medium Value,8078.880808455238,45.95096902637641,21.82260606517033
Medium Value,6119.574911434576,51.30043985718032,13.722717955066958
Medium Value,4872.0824085192335,53.777706041001814,16.631293981343873
Medium Value,4044.459559399574,57.46645831721615,27.100604032398703
Medium Value,3393.5536797424274,52.72582707958496,14.141516184217105
New,1061.039090760167,55.22243074086316,11.423165703468657
Medium Value,4243.649254715697,43.20143269909146,11.380151852256326
High Value,7155.492580804652,49.2311494883958,28.815690410062157
Low Value,1676.7135578787368,40.18663239654187,20.138408759236693
Medium Value,3918.451996385605,44.93357729043246,18.188241436340366
Medium Value,6687.141635072565,54.52923430226009,26.217571620158367
New,1264.4919270848352,59.83619902698727,26.71651855821032
Medium Value,4992.027358683383,41.98356199174432,16.64382066231209
Medium Value,6479.944138890026,48.02988631722577,23.872361149475907
Medium Value,5077.368307647618,56.00141937398319,25.42245631703773
New,741.6147396015209,44.080712692577976,23.09301373731909
Medium Value,6523.124077269657,51.101698986045726,13.031901496001987
Low Value,2269.455021842329,54.661425920593494,27.51766167034114
New,688.826153702063,52.31970900520358,20.781891054720173
Low Value,1904.830660958196,43.76049469230832,15.649448527400073
New,737.3145239845728,47.107691373714786,18.504563708753878
Medium Value,3617.200269035664,55.675835689707945,10.751421807978147
Low Value,2463.088773765821,51.08453028264033,12.55733602444835
New,1572.8249921410393,40.104592270858255,25.310935010317216
High Value,7202.864852361718,55.219815200561875,10.000232695107323
Medium Value,5562.969236690571,40.70622709880478,18.331316569645843
New,804.807229263452,54.914675654624645,20.45020362171177
High Value,9025.749232470607,44.04961120330475,11.092688400019446
New,822.2818227283392,59.161469602387605,29.461563259446656
High Value,8272.018460640367,47.35881502604169,14.522506624993438
Medium Value,5048.521627944827,46.53863232676158,16.083974392725615
Low Value,1584.524941794481,42.97776100664889,16.078850245100547
High Value,10540.913651559678,46.112084309804295,14.608333242346998
New,984.9285671652589,57.53301523656401,10.029476441726228
Medium Value,4761.05195313359,59.926686752544946,24.58689588175993
High Value,8184.872675916804,47.36619061013697,29.336909995985707
New,826.9686008295002,48.972212619090854,14.485869665700902
New,1226.6173677477268,54.441418764054745,23.26094383606845
New,1150.2751562873143,57.723915609301486,24.8379265391743
High Value,8044.889510402898,51.860886683735686,26.968507581810496
High Value,10198.664610858452,47.830513963556584,18.452583940272184
High Value,11502.774246743578,48.25243681697248,16.058618112808585
Low Value,1165.2973594393143,53.91236292993614,16.505902680460622
High Value,11086.72038475987,40.064365272085574,24.252426661970254
High Value,8674.752482108306,52.39178674919681,26.33558933011272
High Value,11141.197337186319,47.10986020882715,13.632279355132052
Low Value,1618.3704217287416,55.88394662554168,17.418820163155303
High Value,6390.235798670962,41.85981279646264,28.038803934983
New,511.7372686350512,51.76404533896781,26.133870393894785
High Value,10096.169893322764,49.619457797722475,29.697168055249517
New,1077.9167505164446,52.84651051810455,25.084965193641615
New,728.7050124686774,41.297071889659364,17.863904020558444
New,1191.577737633212,51.599675748562625,21.812756679892757
Low Value,1169.23996886552,51.22969175919047,23.220285084946404
Low Value,1966.9601006763417,51.21320188832342,11.56911632634248
Low Value,1394.4919001187718,52.06975333192909,20.889939182077303
High Value,8696.327784395682,53.529358744527244,24.18641656945219
New,1014.2196013949242,56.0997799936154,13.346426080021207
Low Value,1569.7933173580238,45.39641440256429,25.612634348511143
Low Value,1807.7222278850872,56.50098820360124,21.675455610282235
High Value,12012.58561842888,49.96511364526907,29.04443571395189
Low Value,1711.5540652384257,41.541165582686624,10.848445964137834
High Value,11671.384224130285,41.17101858487958,15.30652275110934
Medium Value,3870.2931453423816,46.684766373921214,22.03107758599648
Low Value,2264.9020889576414,55.69793954222935,15.931198244118614
Medium Value,6441.5686206579,54.15361869481831,24.288483281424845
High Value,5056.710999745422,55.77229929344813,25.18010565043862
New,760.9314233588569,50.34538112883219,12.05031928132949
Low Value,2288.53606359027,48.80397995910981,20.277089284135354
High Value,9593.909227914015,42.94905053412568,20.177811111821118
New,1111.3437620113928,46.56385507218623,17.38561540431082
New,818.8044439852538,48.680387323477504,28.65849725139344
Medium Value,5086.5897874729,41.772008593592346,26.550126397464425
High Value,9688.64552921584,44.41223905422422,23.944187638192737
New,1350.3346184979423,51.964505881274775,24.286532714699952
Low Value,2127.2104216506063,54.713262284783795,19.234322876262382
Low Value,2168.801331037601,59.966950227858995,28.419890421931516
Medium Value,4588.123033877533,58.66226662687116,23.891908545065707
New,853.718132778252,52.851303990703826,24.579621233116328
High Value,9134.883624360758,48.42496106588144,27.233818075746903
Low Value,2197.2260711891486,52.72354729416465,15.481431786843821
New,873.7046557539211,55.71303236160464,26.14141807733406
New,1086.932457068924,42.36672381846775,13.90481205912984
Medium Value,7075.400798645439,48.19809779392577,16.906839044897758
Low Value,2435.562351715846,56.79604571271234,16.712209085396854
Low Value,1836.9882339160795,47.67665903866088,29.57050936778281
High Value,12402.427844327889,51.43744542454373,27.130744474958536
Low Value,1795.9623134892242,51.755387217243964,24.023397231805195
High Value,5923.750929644292,43.689525062672786,24.541135232307802
Low Value,1495.9568445412979,47.24470883304577,21.24145588805142
Medium Value,3129.2080789741444,46.690225774838645,28.94181334217038
Low Value,1824.2432579793456,40.5239341706413,19.92517505764723
High Value,10036.836758379104,40.483835277827104,17.61035419739789
High Value,13352.874624550564,56.63394087351547,13.26070673863182
Medium Value,5326.927373764162,45.46141619945625,25.72411304522116
Low Value,1890.449735595568,50.36157532477631,24.688878641511828
Low Value,2414.702790591745,45.97451147177546,17.687100770482697
Medium Value,2788.864690992115,58.813584902306815,10.503868279184587
Low Value,2117.807279054283,45.18593517731547,26.779946554360215
Low Value,2385.4325969434835,48.5931362547787,10.228359669081472
High Value,7042.827508440317,57.45460500969204,24.07399559258102
Low Value,2571.8770216034645,56.838671335836175,29.40514219452114
Low Value,2169.2482037472073,43.72202835692555,18.75322656296407
Medium Value,4584.712086099199,56.052866195914206,14.699468099919056
Medium Value,5632.781866106285,49.16373773475785,24.097420200867635
New,1681.2078573413187,49.65937744170711,26.342562840311704
High Value,10363.73251011699,42.66959944831888,20.92860632155695
Low Value,2124.110293150168,41.612030275142494,29.340705505122923
Low Value,1770.319550229878,54.5587861394753,11.033374433159223
New,745.0466891605624,49.92922304710599,20.09591196609056
Low Value,2415.167908272123,48.73701405230359,24.369078946451
High Value,8287.832348182266,54.590164573047936,27.252809422983578
New,1021.4698711658177,55.3102579798222,13.585112238155801
High Value,9044.685106469766,43.17816335338707,26.00006963527363
New,1143.6939477239175,52.20450298955282,21.054141514370905
New,1100.0986315860846,42.707081645553714,17.931073639799266
Medium Value,6037.539944257899,55.027501720580915,12.634300571581871
High Value,8979.967202290505,53.13910312534279,27.30591517817825
Low Value,1865.0625323533143,59.13229242166916,13.145464163594307
Low Value,1510.6181421088463,41.379160327128425,16.195757184181986
High Value,9111.413479847777,41.14109442302509,15.800910639248738
Low Value,2188.650246522426,45.643741493864,27.428280683817086
Low Value,2378.494308322676,45.23411367471812,23.45405988417796
High Value,8155.669351644749,44.939575981439994,25.933627943827446
New,1260.881776031698,58.12509161042073,15.00935797584998
High Value,12711.275717609902,44.99092399699012,22.497481992139978
New,1124.0304709671102,45.43899452257262,21.434919662874975
Low Value,2938.397906279033,55.187965248359276,26.65660753576542
Low Value,1613.1054004482135,48.9947968490108,28.12174120962521
Low Value,1377.6726483442915,55.534211139103625,10.243135429547737
Medium Value,3221.2797510957216,41.307323151287704,23.480398381175853
New,1448.8132934467549,49.75142387346769,11.03671598239458
Medium Value,5654.365656354058,40.672272003665654,20.97717330154712
Medium Value,4944.415329089545,41.25306406910709,15.752654580873564
High Value,10559.93725263964,58.12874906688822,16.135531990442825
Medium Value,3874.5109527016234,42.78490742235191,17.05917006904713
High Value,14891.503959233652,50.64841364550434,22.425848980992203
High Value,10258.442363950455,48.22191205201413,16.680999313375384
Medium Value,5109.394794604893,46.94686652517685,24.65398101180561
New,1217.7299871696075,57.99666691374545,18.09054771147739
New,1144.302769521014,40.43646793550979,11.367064006199172
New,1067.1652072837394,53.27579372351178,25.675196849682145
New,762.8576633664064,59.26788868427101,15.71516649185412
New,1141.4405071407987,51.203363669236836,18.65533759198525
Medium Value,6882.024496475034,58.73644924066184,23.70887766443803
Medium Value,6345.420046154977,41.045157585720474,16.64912314297424
Low Value,2796.5933133196986,48.37586638148323,11.131713122934313
New,846.6352970706445,45.203155819241026,17.47842094025627
Medium Value,4010.3951797414193,54.61641929961459,28.888971653886067
Low Value,1937.1065399501758,59.62594180994493,22.83468794597116
New,1016.7174736866084,45.13060124888496,23.42958297334414
High Value,12188.383036941897,53.08349202948149,22.645643072752797
Low Value,1153.7676851425904,43.9619526551948,13.979842779188736
Medium Value,6529.5503194606135,51.306605091432196,18.3666772820456
High Value,9683.98420284202,49.27864973376673,25.018795967266364
High Value,9146.23786010516,59.44010659263074,12.027457951063184
High Value,7975.791249479666,52.170545453929336,15.557055521794245
Low Value,1172.5716640671153,46.99012744173638,15.526382169317072
Medium Value,5823.170583961914,42.28191569775867,18.64037855189012
High Value,10146.635934376807,43.02493657469869,29.607374818843702
New,613.0117300776839,44.5063385990247,11.350050933676439
High Value,7409.8424558727675,45.01933322680596,20.3740198876119
High Value,9328.430601419743,57.01232115682276,13.587293640244209
Low Value,2834.5107626446966,51.2244557656505,29.413530908194883
Low Value,1870.2043243181977,50.46781822748733,12.266070094549285
Medium Value,3496.857046881894,42.295377437384346,18.072020047231824
New,926.2770807742168,57.2027938669887,24.75769969669212
Low Value,1863.6382151261648,54.456286064169674,24.091088560548904
High Value,4606.226714116857,41.35336723800003,18.454572737878646
Medium Value,4945.705133482188,54.15670194459537,16.930483359054364
High Value,9538.130939582645,50.87076434685292,17.952247571057413
High Value,11392.412729626836,41.634506914935564,15.285525263172786
Low Value,2924.4780474726726,49.16601283057313,14.106658774135996
Medium Value,6126.565029547757,49.69392574260094,19.6607939511778
New,919.3333928335509,43.31549080326552,15.370675121352146
New,668.0422273774989,58.913962940005646,15.749233297945002
Low Value,3286.67990162493,56.99950742961324,23.13512126949114
Low Value,2029.609217007244,53.380446746582166,29.370746633997843
Medium Value,5013.929291912947,49.24591122001215,22.072744011187503
New,992.762473866999,48.23531083169017,11.539589341299326
New,1059.4254282303564,53.01946934301908,11.51167227708134
New,956.6918764228172,50.90863738813811,29.02846441691132
High Value,8852.675986239527,41.245462117637715,15.945815806146673
New,835.9423176278824,50.25005297540663,11.841339721649508
High Value,9934.493459568002,56.128072344656786,21.980891743007632
Medium Value,4456.575228866235,49.18479755193916,22.47297556580532
High Value,8574.30843464567,41.03913155108537,22.970096402373763
Medium Value,5106.430227691897,55.72556398768066,15.348040557150826
New,923.5068347737434,44.02727564271949,10.302213684289502
New,1451.1978965748067,45.172416697760774,29.300307389089436
Medium Value,2349.030191606988,43.29412706864592,15.01786091382205
Low Value,2545.7534259612307,46.60430129742995,23.520525761050948
Medium Value,6246.085192497629,55.1350301137727,24.13259739757419
Low Value,963.3048837959252,50.387717190078746,22.200148341589713
High Value,9314.624811839303,44.097625483014255,16.258147884272965
High Value,9257.118268008417,57.556601563040815,15.421925075281315
High Value,7184.9766105643575,57.591637099030585,21.95336565405406
New,766.6549937227373,57.41156850092014,27.32191267223383
High Value,7778.848309068342,44.77592422763078,28.934674578467913
Low Value,2876.1352217118115,49.02478688361976,12.118116088075153
High Value,11871.356786294922,59.6997931228175,13.096572251954397
Medium Value,6271.555094994159,55.44024952619981,28.89472517566159
Medium Value,5721.672064043235,40.543348424511194,24.730704566695852
New,661.2844686348312,41.30409182520984,27.659876496595462
Medium Value,4475.479733720226,49.27862753624666,14.052652682706864
Low Value,2244.687280613959,58.1844041172312,21.751717422188037
High Value,7555.744382216109,50.77403595905429,24.022791888349474
New,1213.8995290517164,49.956250160685805,23.602237708939455
High Value,9519.34920368373,42.10947399913261,18.16303381733396
High Value,9250.358384900805,53.13560209448588,10.30789783382617
Low Value,2355.4799841017457,56.44206321200451,21.658521136085263
Medium Value,5444.26331148604,47.60840015015125,15.062030783592174
Medium Value,4639.03383418092,55.51223701850655,19.005084922857804
High Value,12318.659606728495,59.289533078016234,29.151620301676346
New,675.6810017200307,44.07532918255378,17.980706352848692
Medium Value,5615.935606944264,50.466592623894826,26.796032133288534
New,1177.930377390515,45.74275916169151,13.770812114985024
Medium Value,4690.45356068601,55.857088380676785,23.449209960500575
New,1097.8399066726354,51.55186731762315,29.54013908877887
Low Value,1374.4432118073487,52.69164835100607,12.037862017458735
New,1277.2081057620703,55.95828319231788,10.16639884454384
Low Value,1907.5489317785054,47.919409453249095,18.671655852652286
Low Value,1738.6384897404803,58.301801368140865,11.852509661027344
New,1314.7027677510669,50.6605773449228,24.967686993524627
Low Value,1647.8281547286203,43.15909645670696,28.29097327697118
High Value,7183.07740727288,53.91798236337605,18.680419454175176
Low Value,1221.685413238048,55.86522700876509,15.174232843108818
Medium Value,5606.00995134564,46.33523354135053,18.688066380132195
New,615.8711942511151,57.14358513997506,24.46895635700002
High Value,13509.588363968729,58.122865095315326,10.18108323160742
New,375.4211776348834,45.53808974755618,21.789079789693943
Medium Value,6696.456368290038,59.67042945430444,22.26583369774758
Medium Value,5211.017467202619,42.81423056097517,22.75376493791871
Medium Value,4903.286888129607,44.0403133680498,14.840441599617545
Low Value,1727.540456595525,43.684496784760526,24.281054467562534
Low Value,2199.5680571760354,57.879794200157406,11.827829726635528
New,988.7095892725455,53.085851046499236,13.985406729336017
New,1330.9905646049565,43.04208566444546,27.54940093308964
High Value,10228.455297324079,48.80646836736698,24.774463014531328
High Value,10300.603522923755,52.305960501396044,10.274911080226905
New,890.9163363358432,41.66928169978767,14.967525207396005
Low Value,1971.5271881394663,57.648327368146774,14.28812965986329
Medium Value,5307.801768892059,56.07207070883071,15.416126560739452
New,486.9494822030123,50.104135471532764,14.951195405597728
High Value,7303.629155788574,59.34253230518341,11.250525914856915
Low Value,2371.6320470113574,48.35521958550199,19.178810331936408
New,1051.2596314383825,59.68220638072995,24.654669495723304
New,944.8049990941963,53.35839997607254,22.134634494348727
Low Value,2009.2169665326967,52.69342546507883,23.457433371961596
New,1104.2745116085014,43.3190979059157,11.622983570724783
Low Value,1730.1201598453192,57.63855516609288,29.029814203535743
Medium Value,4221.695274597687,48.54979375841231,26.769836676860496
Low Value,2097.922627548841,43.24466811564959,26.101806369913255
Low Value,1510.813611192484,40.25215039951518,26.45967610083535
Low Value,2204.126377857236,51.19511367276765,28.654210162655225
New,489.2249187286479,50.54799244245353,20.885079322273953
New,1308.746691197693,54.387072447383176,14.005640357352519
Low Value,2236.2987412065213,57.80516106035604,22.335672157050823
New,1076.8089202941628,41.58813169286059,24.857629873358782
High Value,11965.381967891028,54.62992980680725,24.75834786708051
High Value,13330.948888925153,43.74823888195164,20.428980483337604
New,1304.3110195054392,57.16354106314328,11.369174386671562
New,447.73773060050644,56.38127027723312,17.422258768602557
Low Value,1360.2115166321491,50.81587509971089,28.415332169267145
Medium Value,4375.181422304321,54.204855972466234,21.688978195148522
New,1007.8273150632501,46.287002263674964,20.766638865114267
High Value,11035.318040938246,49.42335797865629,15.377070287643871
Low Value,1637.1280934232673,56.43273795420943,17.368978398331578
New,1056.0300293431235,49.18530394346428,27.906921783063385
High Value,8489.234135293354,47.15596530650883,23.329260950536714
High Value,8776.964394016104,49.884248945006,25.747740535046656
Medium Value,3593.3389031517777,56.56498504874437,19.086908461353104
Low Value,1538.3833769445478,46.704160947417456,22.60494438912316
Low Value,1324.1576971918332,43.47523186271488,14.96767217486415
Medium Value,4024.126747022667,54.24028040661561,24.109216605669726
Medium Value,6053.64179660784,56.51956425416164,18.552026674066745
Low Value,1525.3005555840284,42.01274957047067,18.850910296294913
Low Value,3316.1910324186956,44.797482255118894,22.986446491537635
New,1147.9953702642667,42.839439795219874,28.725612429378533
New,1055.450837108462,46.95882823164333,11.280126932172418
Medium Value,4141.6422198187865,49.007019578108256,26.494864746940152
New,1210.0929638226974,54.97652673926613,15.847662208243863
High Value,8848.724347524452,53.02295169763348,18.878389090127556
New,1036.6029443936084,52.41857134956862,10.43826657550018
New,1768.0253614806384,47.047498932193086,16.02092155668626
High Value,9807.8802005507,56.8289510616952,20.05262485260261
Medium Value,6149.2733262856755,49.42574334796329,11.12352154694878
High Value,8593.647149748225,59.58209876030309,19.8219145876633
New,989.5034528509115,52.682842765914735,28.542212577168545
Medium Value,6770.80063563551,42.525294831290054,12.107864362156104
New,811.9098826636698,53.523551241508684,25.288814561510087
High Value,13624.897115993857,46.50208030863398,18.193421067519854
High Value,11415.50387091095,53.72654393372195,23.10347429048676
New,831.2599672317197,41.392822963248115,15.204731959704587
Low Value,2316.2038695277606,43.497628743519186,13.189845250827165
Low Value,2486.277224813365,57.114745178115726,13.20925228542453
High Value,11243.619924434393,44.5435911404703,11.409838912862893
High Value,6859.550560219087,56.7408225048588,13.71293409802486
Low Value,1636.4314120875656,45.58552176908821,23.284387699779366
Low Value,1876.2406822242476,52.857638201174154,27.63381223687016
New,977.6699712699861,53.88301147019662,26.282513711823235
New,1186.2016292652033,50.25309506290106,23.702686197489683
Low Value,2088.8505004666267,46.10621353393463,12.208637268222054
New,599.3966923869696,44.25288752742192,15.783748925918996
New,1114.0593553017889,40.66378709124852,16.19613750644938
Medium Value,5610.585745283823,46.07892802481447,14.999138927952425
New,1167.9371343793118,53.06325581062566,20.300113194194463
High Value,12161.561451109243,58.766096368969656,20.71107629759345
New,1250.1766463646713,57.42408964526104,17.137719503422204
New,1137.754023768531,55.32129553070605,17.07578317472872
Low Value,1964.9171442706765,55.76894686506597,26.571111958121627
High Value,6678.078132968018,53.299698069519906,25.785856966393712
New,1128.8854657397758,45.20573715132006,16.155916633614915
New,1062.3063061489333,58.143900614116596,28.275768877465186
Medium Value,5271.578837195373,53.41464623811668,29.05630034005012
New,616.9754272539071,51.2088126196088,16.534850840600818
New,675.6830378775213,42.219789384269625,17.088498975861096
Medium Value,6053.152853332904,48.941110876128505,20.112683068439175
Low Value,1980.2224230716724,49.20716542403852,28.82241625067347
New,1204.4502092117873,57.2912721904534,27.52638866284623
Medium Value,5028.318376130461,50.93296440375577,12.051359251671796
High Value,10059.512278991491,47.60801097940819,17.854614865428324
Low Value,2469.141902987999,59.53600657021319,21.067423794995435
High Value,8967.910543565253,42.21441186652631,20.0626494510308
High Value,10192.241553881966,48.45096856623889,13.877261358737854
Medium Value,4537.724711294957,40.84049350342811,27.176335423363092
New,869.6511317703053,54.798082415338605,23.538815659936745
Medium Value,4690.827876531361,58.361531043983014,26.758167497036073
Medium Value,5222.133771633713,45.60074659100979,27.175285586989443
Medium Value,4521.251378336523,57.16683353598242,24.967117073314796
Medium Value,6255.756125573521,45.84436460923796,18.784212024994346
Low Value,1552.696348890248,58.2154032328783,22.21093510030849
New,943.9385067515923,55.07923807193568,13.207308122394863
High Value,9120.53788345165,56.09813553682877,23.472908349498155
High Value,12893.955768707467,40.36013111200909,13.585065114785614
New,1058.9664329534723,59.256207141480516,23.878991810203136
High Value,12063.68907893727,54.53341984140646,14.591963215079373
New,554.3318880889084,46.09502190772267,12.3510260030044
High Value,10534.100531738517,56.58789329717694,13.305689802859149
Medium Value,5889.630795623437,45.6304239682986,10.039842704381405
High Value,10164.56797855085,57.455076791322554,24.374792357070604
New,1319.6441125196054,42.25160780823874,24.648020981167583
New,844.8134649698884,54.073719549215916,20.29866699826519
New,1422.804232055674,50.813969532898206,13.227256021107674
New,1689.669437085775,41.930689403908815,11.671086750213796
New,891.1484318681023,44.83787656517678,10.38257932874574
Low Value,1777.248739299614,40.248080725546295,13.314963539304415
Low Value,2726.6922385588505,49.37535930929012,27.817110699662933
High Value,13159.144291461425,46.02530521520001,14.830736834033635
New,843.1419918540196,51.96714968595518,17.085426544344315
High Value,9159.626365808286,45.944756154172346,12.106909689626663
New,915.4646173418479,45.9983822301397,14.447226094963405
New,596.6648466897169,54.86386397463207,20.384491415604103
Low Value,1540.674026757901,40.96285671956707,22.15505366191305
Low Value,1497.929616623966,58.05789990383974,14.90704628332422
Medium Value,4232.202434895871,57.045277487823626,11.154643184502344
Low Value,1982.6575563066094,53.35609366452813,17.82065738254797
Medium Value,5234.21473253652,51.86443140214769,14.684067418526682
Medium Value,6550.500492814077,57.846049962793046,14.391078464596038
Medium Value,4001.645959261209,43.70660359057429,29.197256054269104
Medium Value,5984.322398476584,41.57938324381657,22.32600971851448
Medium Value,4786.011155774491,44.79020339819076,21.137568863441917
High Value,9901.072580695134,55.891565574003806,18.315502070466437
Low Value,2337.409746083302,40.693405334529665,18.578886668602884
Medium Value,3877.2779784377017,51.656136701669794,20.818100076761617
New,1114.7229238552152,59.9087503238262,23.928596140722146
Low Value,2083.226104106528,57.11392187675079,24.04292192363659
Low Value,2246.2256320040747,50.42891378087179,13.433878154108992
Medium Value,5289.1686439078185,41.272818185732845,20.00225504153254
High Value,14910.600279821789,56.627470287714196,18.23916190068204
Medium Value,4362.260015748684,51.97957016354421,27.410539325387685
High Value,8938.006089996365,42.29865994119134,22.628378424367526
New,813.0578420725707,41.877145696467124,20.650081328319636
Low Value,1722.2614404198725,58.19253638873185,12.307892843578347
New,808.7838618080447,53.38400525876157,22.11275778646823
High Value,12378.033062215103,56.58573598633511,12.344078113604668
High Value,12841.00849597971,57.579578005645345,16.74413151131504
New,828.7761118751571,51.435447040966444,12.856839296286637
High Value,8335.288853791542,50.34892703510083,23.841472940487378
New,1141.4246669159213,48.608548206419805,14.125042276723052
Low Value,1723.8884778595143,46.33893175582239,17.83718746376052
New,1189.8795453266532,48.69191921717423,27.913495552375572
Low Value,2101.46151042565,55.477593114603124,14.086327667979406
New,545.2767655008304,52.03846862030263,20.15610127917558
High Value,13095.010402660124,57.85046579909692,18.38543322332044
New,1538.7633019286563,48.867600287583755,10.362480820914595
High Value,8774.422619031227,52.14179157437508,25.855162271456255
New,883.6895320192048,52.62615106183978,11.380918126291995
New,1085.7596172174715,51.83394324612651,19.485100419539073
Medium Value,5334.456789987025,54.05267546171032,21.213565898779
High Value,11317.088545345661,44.74866936749613,22.568529132291744
Medium Value,7010.204538766349,50.247275550915816,23.772632586157513
High Value,9646.105545011902,42.084496056166955,15.0654476704543
Medium Value,4201.702755461546,47.69022655289625,10.199575533168987
Low Value,1310.3403859927364,49.75334137242529,24.468873247098237
New,780.7209880174242,53.04448519090945,20.713131986951574
High Value,9933.746054252406,59.01062105172407,26.722354064144977
High Value,13589.115727035576,52.01302133096712,26.427767258013887
New,844.7166102891485,54.87187832353119,26.866523355757664
High Value,10447.575903277797,50.12532118990406,19.701893199590803
High Value,9967.154207854495,52.68208062752663,16.672567916737314
Medium Value,6188.393273448084,41.41864432267547,25.8311640518274
High Value,15053.864851747243,45.08783161683694,19.0258822605851
Low Value,1734.5656135398397,47.23706186410277,13.66884392806869
Low Value,1755.280278740889,49.44986710013027,27.099480391229488
New,1313.2482631207217,40.91297491004767,27.651197535446947
High Value,11363.782979252623,42.80048195106635,19.3261951228034
New,1554.01219772081,45.53628615582612,11.51399454619575
Low Value,2291.964092662982,59.430653818021014,17.756521798338625
High Value,9281.415818425881,46.62694014206102,26.070753189252066
High Value,11181.30966138462,49.64082116224165,28.035480570924573
New,1332.6110741748723,43.92195425476786,14.069454849951917
Low Value,2410.241090598682,52.215601421515366,11.33947224050543
High Value,11014.548062214595,45.613664310319486,27.547009062656773
New,1320.0024068767461,44.139851568768535,17.788098779577506
Low Value,2584.6477952228365,50.33145256891958,20.835219285351265
New,1414.647697311258,40.110115983208416,29.361316241015178
Medium Value,5648.709887589643,40.153280652984506,11.331294558284457
High Value,9665.763839366291,44.38137618203716,22.96636014904191
Medium Value,5146.713686433322,40.734427250016424,11.482108451497341
Low Value,2603.2544832541785,42.16051508261383,17.509378569330007
Medium Value,4183.064329012764,46.777212986775034,26.076290903868934
Medium Value,5368.6733088729015,56.051713591596254,18.669444655112688
Low Value,1803.3305938363196,51.440972867386016,29.94364707805901
New,1008.6234468804453,50.25335451912833,21.181185698932044
Medium Value,6278.451862607299,45.869776464162435,16.42324305271907
New,1057.329720405971,58.63507438865633,14.402226518095063
Medium Value,5046.436548156149,47.94030082474383,17.010410685723237
New,592.0431577060242,41.74185533591543,17.450665475191016
Low Value,2373.1267830136103,52.34133032235603,11.37427355447922
Medium Value,5645.484181141075,42.27676786953203,17.391483988535462
Low Value,3081.62736165273,46.904462856033845,19.2847703947845
Medium Value,4692.221765046999,50.14823877435617,24.454755044776093
Low Value,2109.5751638319693,57.48445049370352,23.134589694432158
Low Value,2124.691841855378,49.87093160680237,24.175313104583083
Medium Value,6577.453279763475,54.045175320633284,10.167273637537143
Medium Value,4904.704467613048,59.856336779981405,14.353347991610722
Medium Value,5279.021525770339,42.62978239795963,23.23368576799713
High Value,11215.793019433078,45.494630510390394,19.679787363594944
New,1055.9827369469074,47.89152151195293,10.106269513366918
High Value,9107.132770898943,48.43656357077663,26.089892848636445
High Value,10388.179985796614,48.22042150531092,25.456191465806747
Low Value,2536.815874929886,58.152220051131096,20.968383259871253
Medium Value,3973.4847005889396,54.28065288933713,11.329266515525443
New,1039.8909022440628,52.158104281814076,25.330300990651693
Low Value,1649.9395925304134,46.18745435725564,21.674271754627277
High Value,12390.093257849685,56.475807684425895,25.639199543159183
Medium Value,3476.8130952162255,59.101210229699774,25.03493984791681
Low Value,1720.5390763642058,56.42396565100453,26.06004143915674
Medium Value,5377.21187506452,40.03130210382946,20.360161328092495
Low Value,2782.7620146171703,52.728027403668136,12.8064903638703
Medium Value,4934.249738927012,41.022707628842014,23.423149467593774
High Value,8889.600946613604,45.15214440667444,22.409475701039412
New,1564.347120832177,41.19049400695543,24.845063743981743
High Value,7103.972199167512,52.075909058987754,13.397620121014706
New,340.3582130139754,53.731798269852135,13.899503998005784
Medium Value,5440.014450053332,42.289752761318105,27.80819034438657
Low Value,1748.9728878236945,47.67677766089959,24.999555969041417
High Value,7957.534365738574,49.12473017911084,28.16456977400646
New,1212.506934189806,47.38106043521833,25.174306423278416
High Value,10487.601427542399,42.42050000970386,21.94310611980604
New,830.7764107789815,48.378955803749506,23.082654740557473
High Value,7439.391202658211,55.02356095616836,27.782558478800198
New,1261.7371984840433,41.42015329066511,21.57613509023881
New,1195.0603533875983,41.603600281638066,22.647826486567748
Medium Value,4900.824136220617,47.095425836719684,13.129534320072011
New,1553.9910988142997,58.8345142323785,19.478424402322055
Medium Value,3929.9152336738475,53.37145293445828,24.327942239161978
New,542.3424487225784,53.5733991334513,15.418853966327308
Low Value,1654.0459650593777,47.2383998167573,14.045083610490698
Low Value,1977.206991822251,51.87321582417077,16.276536164488313
Low Value,2121.6697246613458,40.202623680554865,14.83001255985667
New,927.629182643101,52.72192092819084,14.298252740727918
Medium Value,5352.055396514297,58.26573895152474,18.49701685736174
Medium Value,3748.460575809556,52.25146936689639,28.15677027767068
New,1433.1293812219778,57.4739718693269,20.141192934774367
Low Value,1958.9244108037155,54.479461109321875,13.75840761630646
Low Value,2558.647915794064,42.411168328073806,11.539433387617482
Medium Value,5342.725346377704,58.049066145716836,23.923122902758504
Low Value,2228.376609576892,41.3288768871155,17.655975288727756
High Value,11139.534560464408,50.67934945095527,26.436618931707187
Medium Value,5447.708560017315,42.84274247586915,23.190215372815402
Low Value,2321.361379933772,40.23413221461808,25.92482901082737
Medium Value,6329.152530132431,48.44068520255278,15.438920788368975
High Value,10393.04233940294,45.900814153083125,23.84717844922116
Medium Value,5709.003757588513,49.72000987595206,15.281239693874376
Medium Value,4910.264305712773,51.54399773469102,28.78136958900583
Medium Value,6440.1172154494725,40.87478144617895,22.727485630667488
Medium Value,4323.60769794073,42.46006590247491,16.490236003506844
High Value,13601.880865821631,51.172847929008505,15.390237245845453
New,987.9526148066969,46.86334706345316,13.818531701432871
Medium Value,3569.2248978819516,54.58346975098896,23.892819177874557
Medium Value,5128.104414910789,53.04583297183879,14.374312259958547
Low Value,1659.4741712625596,56.912087259798135,21.906065318549782
Medium Value,5840.643548988724,53.849856533384504,15.292700538507146
Low Value,1673.6880103488045,48.59862154780296,23.239378895877373
New,866.1449700355661,53.45933244788865,26.298794570810784
High Value,6220.918538108937,45.50762348510837,25.560504862893062
High Value,9095.387361501847,46.126269975564256,25.217026618615634
New,272.83620201131305,55.779703198415866,13.754448113845042
High Value,6832.194353028553,48.92839032803164,11.767698939690375
New,1228.124396843289,55.96760681036705,23.97897656974771
New,1235.7400475952497,56.44844747336557,17.366944275887025
New,1127.6372685354895,57.15124675322568,18.646924528066947
High Value,8066.047713741574,58.332704716824146,10.62298185586782
Low Value,1976.1443219290102,48.619704410265925,15.191528985500984
New,998.9192382728295,46.377336366422774,10.67352807748928
Medium Value,3841.6353108074572,51.643974931882276,27.583715452024954
High Value,13006.796603534302,47.423448468752554,14.867933664370609
New,1263.2086871727015,52.02148333600466,21.146743391460163
New,933.7107478511008,54.11171725287649,10.779586413222608
Medium Value,5026.885838994531,53.76810036984274,23.33694782611316
Low Value,2104.1914039737762,47.491057740402425,16.460546915081878
Low Value,979.1325657878547,43.337204033975055,27.958383739153316
Low Value,1876.4113087397016,48.61058676924415,27.762363778680715
New,795.4047256006604,42.851882881638176,16.505812367234956
New,699.5139970315254,57.801940703676166,28.019217913809356
New,915.6699121342135,46.917549214757145,29.923153469975578
High Value,13595.373053699044,43.08919494446648,26.508313282478962
Medium Value,5640.8428612670095,40.50895519811502,26.897426955104578
New,828.646303065161,52.91644772572968,14.980174722181799
Medium Value,5572.582781356158,52.738046349094866,21.534047977155126
Medium Value,6399.355436586002,46.812083331625836,11.345118279347357
Low Value,2462.3168414563843,41.43423777695302,11.898358736433394
High Value,10119.260739840349,48.19257789790464,29.97785224066581
New,805.9189666883278,46.22434990126787,16.53278498851822
Low Value,2349.111656806795,53.542412794700184,24.963678240976925
Low Value,2196.742692710875,52.11558498905381,26.13330106053633
New,1268.5579660083197,47.2918745639508,27.160465420144583
Medium Value,5635.17180168197,44.3578510850998,29.95256594804313
Low Value,2524.7763576596676,59.760719323111836,14.829929705137356
Medium Value,4464.764788439432,49.0800324239223,10.807016537193995
High Value,12634.788131268651,53.76548471560474,18.22383035989172
Medium Value,5197.599604692399,42.811059351567216,12.601613396578939
High Value,14150.521745250531,49.71179399318795,10.448517783241103
Medium Value,4310.812181910433,40.55073439738931,17.208536542829723
Low Value,2867.9819015826247,50.109102358209,25.67476502150473
Low Value,2098.9553917313237,59.28034814235404,21.323613824501418
High Value,8697.163992771104,47.684134259716004,16.25555978420708
New,854.8342497837035,40.77992025149823,23.086840109854393
High Value,9359.30538361136,40.619115818386874,14.640363606176214
High Value,10848.331892803833,47.75973519893739,10.287628921441701
Medium Value,5522.8354880355,43.200498729263884,25.287067728728548
Medium Value,4426.299996061421,40.46704192656372,22.474861697280183
High Value,9951.290815478034,55.124272279003534,25.2460524900192
Low Value,3071.135179305932,49.170460177637814,10.778760333753311
Medium Value,6727.543170100711,45.78489543945309,26.742392556613044
New,1130.8971009022096,58.00166366032961,22.390524000726067
Medium Value,5038.003478168201,42.322779204010516,21.267907014252803
Medium Value,5120.031326718261,59.11837657910638,22.492280962290632
New,1184.055391819125,46.279334347547056,27.288664937367283
High Value,7954.414869603189,57.768073446173624,21.73873013117814
New,922.7870387729964,52.05885752958923,21.619007597763584
High Value,6662.831852244821,56.53414719482975,29.813583141315316
High Value,10798.446245210558,59.68026326420929,25.13460334137136
High Value,11294.391879405483,45.768108756374914,18.845876109022704
New,855.0440613101878,59.22270970815186,24.147940000658554
High Value,13147.973526580066,47.789637898048404,17.78460943383577
Low Value,1387.1171684988294,47.71023809473844,14.57750924966998
New,560.687535937054,46.80774208509011,21.937037537755188
Low Value,2112.225909279986,50.8281521469517,28.56364196227903
High Value,12094.19660522431,43.08290086356974,28.582790400309253
Medium Value,6683.927691457869,51.07422970716023,16.838105562109806
High Value,9082.23147426212,50.83409624820008,20.5535493244339
Low Value,2539.3404167156477,55.2380362520974,14.232717971397225
Low Value,1980.7457652496464,56.672999238751714,29.912622189977668
New,948.2118100177541,48.80882700624848,29.622358157358715
Medium Value,5883.659937486673,46.04666498702987,22.990178594148947
New,1195.696863524026,45.18669794634189,26.088281193549467
Low Value,1211.8039215078752,43.892476734097436,24.302003225674
High Value,12953.080699451792,41.1529516439805,21.863164380789364
Medium Value,6380.091354147451,46.84895957669427,11.066959939777954
High Value,8748.87459698094,45.40495384261567,19.09528685105322
High Value,10791.607066874818,59.32834771732814,23.49572604334821
Medium Value,5494.030186282739,51.15417652500088,23.550632277673692
New,1078.2021297471722,46.94554078061015,17.46245236844767
High Value,8899.38969230916,51.609352019873924,28.833839733160612
Low Value,1664.1883160309742,42.78393402691391,13.347140644735621
High Value,9948.89185801711,48.880874984044056,20.00718892431121
Medium Value,6172.729019259365,52.524686428421276,23.817679531016456
Medium Value,5543.600154594433,49.77795663584903,23.942716117836184
Medium Value,4629.385667913894,48.035576013086484,22.97277913537631
New,1231.5096131945033,59.87696777799397,15.505764269037204
High Value,4302.914758739849,57.60629524297854,13.124131373732439
New,1344.629710111631,52.4681191631888,22.718806536534217
New,478.08586636657014,51.387547223645655,21.986042322788755
Medium Value,4637.5590585968675,52.41320959649168,13.587120205784819
Medium Value,3880.330105373856,44.02624215644867,24.102782911411268
New,611.5955572837283,47.90275486528637,19.10343983467313
High Value,12321.653574757038,40.78919065781798,23.35521183206306
Low Value,1766.1493993440542,49.510920749736535,26.747341595403014
New,1103.9511645192147,50.86049167915326,13.394568571538464
High Value,9906.158842241632,44.554994722064194,10.382897359936734
Medium Value,5477.040827223122,59.28057694331028,25.582051727915736
Medium Value,5076.821891060255,58.18909221874484,22.19394850305232
High Value,7434.015551622861,54.44286470911812,23.992791392442435
Low Value,2498.13340972357,50.667732575307255,26.76309949977285
Medium Value,4506.243416838687,57.3993831929537,26.05621869649001
Medium Value,3443.418101340249,42.613046876469255,29.218402938576492
Medium Value,4571.884839034087,55.8101958854977,20.718701577042363
High Value,13001.519581268622,42.49641627933697,19.769912653198105
New,1255.066522634048,55.88421325098811,18.0377439978146
Medium Value,4651.347865592141,45.515351365027136,13.07382085688409
New,895.2226887044714,57.541811620363774,21.45214465764045
Low Value,1839.1824743913087,58.88084187650796,15.540250486519575
Medium Value,7076.747983560841,42.97591938810231,28.42615024425951
Medium Value,5381.935452231553,49.25351210130787,21.663816085541953
Low Value,2215.0208235955347,59.6197475632537,21.856803610162203
Medium Value,6030.283454031842,49.668148719462934,17.098493217540202
New,1071.636747707954,57.270950450290904,11.039787039554149
High Value,9481.915708358594,51.774630442626396,10.634875307459772
New,941.0950452745066,47.50659815839204,18.466702883063952
High Value,9856.797481171872,45.715671110517405,11.691307561944758
High Value,9925.555526980317,44.06446182172174,22.136939110802782
New,1218.2888630910938,55.235963827553945,27.61946011279315
New,1015.5837657421898,47.730810136460555,27.658296330374444
New,1219.7920231646738,50.22550924401502,23.18090820264465
New,975.7850259674253,49.84650960002364,14.22463662945862
Low Value,2039.3175951580454,51.54558058466262,27.259936627177442
Medium Value,3001.7993154678925,57.31154291249105,27.721868706264164
High Value,11832.655349404962,59.614786871668585,13.933071699059173
New,1103.9465427693979,48.15168417147634,24.748521715413546
New,1299.4030329578957,56.55037844212606,15.73039097854246
New,131.12338654189318,55.29055589309435,26.052806247058594
Low Value,3044.1873523903637,51.47057902911146,29.944757998072053
New,958.1231115534479,59.12094287223866,10.600520106587856
New,1332.4548450212549,44.009490310568054,27.947317315818637
New,688.0282218623407,42.18528420619243,22.45261067197316
Medium Value,5612.77390506257,57.07923933910844,29.467652383296425
Low Value,1473.292218413172,48.78299633267497,19.300190350528553
New,812.8693117912585,56.93937708414121,26.947758611427474
High Value,13828.062707733572,57.8618041039083,11.247881371965544
High Value,9618.635198473306,41.24915187238143,16.705581001565914
High Value,10434.865746359446,57.66929525972121,11.3403307550242
Low Value,2435.033865344377,48.96638110738844,29.50686266958141
Low Value,2247.840943986302,50.20864978008464,26.339478145436736
High Value,10300.837810287152,52.531850221864204,27.05094842491941
New,1109.4883007398676,58.52765213460174,28.759304628677885
Low Value,3201.7077926191378,40.38232188859528,11.702069722395708
High Value,9884.76240593283,49.53686936635634,17.711951850266665
High Value,10402.198093429935,53.75444084861121,11.420697780880042
New,1315.1963188022837,54.45413915396457,14.215862031000572
Medium Value,6105.525932957984,53.85064863074216,14.587315540753448
Low Value,2593.51515278019,42.688702588162435,19.382144220951574
New,1191.6190666087555,45.98791176743362,15.371243349072852
High Value,7713.9901745390325,47.17431050834027,12.019562136355223
High Value,13266.863064602192,56.0887441535901,13.349821781882154
New,656.0963820943937,45.575197448291064,12.945511271041818
Low Value,2151.3177326195164,44.21409927734406,29.461535958245967
Medium Value,4245.724149980642,59.14896038076192,25.185850138369474
Medium Value,4935.861653407008,40.17726570226938,29.35522930539124
High Value,10657.524820606961,59.95641711363956,18.79480973015817
Low Value,2160.6786077251363,53.536425977147914,15.567369633253133
Medium Value,5421.920754235285,56.56938598898234,25.965863944183734
Low Value,2806.8556345293237,45.89238792692386,16.525078360822935
Low Value,2226.76715075699,40.2863055533412,15.987667474106965
High Value,9511.686729418703,54.7573903712306,14.650119844156624
Medium Value,5964.087168288357,56.68289194001352,12.593579564484706
New,1356.841146677392,54.80952263907038,15.12926122033532
High Value,7544.784369726015,42.857005746016775,17.106394969477755
Medium Value,5597.4000698498585,55.06855844513938,23.47988416291461
Medium Value,5701.172742310899,55.378455642152815,11.251296844389032
Medium Value,4702.436496640008,53.1708103134011,14.210138793306859
Medium Value,6375.706813311619,55.32231865591172,26.180472805833528
Medium Value,4849.944412967473,56.91842879355464,12.938438471675415
Low Value,2062.7882267357713,52.27208228474917,16.85290293045043
High Value,9653.856351432261,41.772094279393585,27.2931784371628
Low Value,2007.7895237907337,49.75255619334422,13.098506222868853
New,671.1174739314395,41.5529866934321,11.654736712363798
Medium Value,3559.9491174057057,48.150860620648615,19.690759901600217
High Value,13189.010126449944,48.142129782512555,16.048390225570728
Medium Value,4153.0386516816725,41.32019688280483,21.26816728967708
High Value,8017.215301087385,46.97641067938959,26.076097809669502
Low Value,923.3049431981426,42.219961975826294,12.742969763054862
High Value,8722.076504620996,56.164704200184445,21.613981691085698
New,603.0730619777505,58.95376051928942,20.110175207797276
New,1492.6045480409107,41.44632950515877,12.881575720263992
High Value,12019.634178685268,59.102304145834026,22.47996971057965
High Value,8623.699309644553,50.451531986734906,15.472808357215433
High Value,14504.871610688617,45.991313559077476,19.75668637088025
High Value,11963.530973983188,41.53724150552327,11.645446485541237
New,902.5505849474133,50.01248536140835,19.19168114427246
Medium Value,2500.5942851264267,55.89031088981497,16.129269360856405
High Value,14581.885145181484,54.14172954533396,26.447624223707088
High Value,7220.855066472808,41.00452022927948,11.139574539947365
New,506.38037591293244,41.45803670735807,18.3721454983666
New,1306.771129602892,48.05746565265274,19.168628482628762
Low Value,3219.8762031696365,45.90580988095886,24.500121525982372
High Value,12768.545637021036,44.647686461120955,21.48575150180422
Low Value,2281.95456002618,45.62008997817427,23.344246743883623
New,1178.4263024995857,56.06965486593769,25.540985713035123
New,1256.0246676340923,58.58456107263708,27.244059473163777
Medium Value,5758.928589786765,48.10205389055133,16.277509934449412
High Value,10562.382847938752,58.12222004264994,20.760454107278058
Low Value,2052.100551975938,46.42991402495764,26.802161568783998
New,981.2220616301432,49.528739726875834,29.78902261930113
New,773.8106233399972,44.52057995631999,27.790386220875263
Low Value,1859.662461566613,52.80952084351688,17.429345252487536
Medium Value,3307.0431858046145,59.57962230349618,13.903330344373009
New,970.498111961575,52.069861920867574,19.787850748131774
High Value,8022.817785698166,47.15628168227098,24.832829036720845
New,668.9232048352687,52.956348919810566,19.85138141506595
High Value,10359.788302306957,42.45841356930775,19.66361726627337
Low Value,2696.0011431722996,57.77318160530797,26.764608421636012
High Value,11836.633212004626,50.061679015596724,17.228075581343727
Low Value,1214.7496981884115,48.98699484079284,27.195893496232912
High Value,8020.743726859325,51.71729576907038,18.136096019034472
Low Value,2470.385593994108,52.49567725578805,16.56466211356679
High Value,8035.025212923381,41.43551612453026,19.07979822399398
Medium Value,4775.366850002975,53.65234442446805,25.24893917349737
High Value,11100.104198049105,44.838633606310594,12.520040557279886
High Value,8063.311090272729,54.279052650131796,13.928384317440347
Medium Value,5105.37550614596,56.450695887683935,29.028896513261838
New,599.7923515245386,56.079170151050405,13.509832547627148
New,819.5897068146359,51.05001934815778,21.354546358621093
High Value,10639.563868285073,50.40339784621502,21.586289333238756
Medium Value,3407.006266468331,42.857519226788234,19.792489241004894
High Value,10880.949475920797,55.506923008062714,22.89490497153637
Low Value,1990.1811005366594,45.42818760893429,14.596534515952369
Low Value,2276.244977208574,49.933908456358935,21.053245355534962
High Value,10447.828268129322,45.68548185855033,17.443465104937943
New,1409.2421289921533,42.67656725999386,23.23334519258378
New,1037.5673507943723,52.59115393783473,12.824470867462988
High Value,9141.188917749494,41.086640696458076,21.417548336789523
High Value,10244.595006064568,54.972904682524,13.705407107666474
Low Value,2271.649014518194,46.351735905222334,15.572861262300728
New,1014.6580210977113,40.00269386008971,14.374196006471664
High Value,10081.183382407764,50.222582784744596,13.656755597376343
Low Value,1649.0041560966224,40.937038170552064,26.51421903121334
New,801.1297247347155,45.523391156417986,15.714151353217806
Medium Value,3597.3947282003064,54.139529749114324,28.542475637288987
Low Value,2874.7883715934695,41.253792432437315,29.398530506903818
New,626.8410293826145,56.78676984712005,21.42520939874195
New,792.1284406612278,40.07639845317166,12.860022453314528
Low Value,1640.7963672154012,44.93647738403804,17.490964867591625
Medium Value,5894.924376944441,54.81808112304143,25.95464526696428
Low Value,1852.525160853986,46.325402994586135,17.34781457394141
New,1374.32262180212,42.03784776132027,11.740344366055774
High Value,8653.018751512263,47.20467837600856,21.13569821856376
High Value,10557.988324447604,45.40786572769051,26.902417029920695
Low Value,1582.3264733701212,56.8542380432111,25.918527742870047
New,1643.5447383320165,46.26695835170286,13.502462802607065
High Value,7624.803161940974,55.778649435520144,23.455292288249332
New,1092.9462130681081,57.8374428962147,14.410085268712942
Low Value,2316.8884404660494,48.67634839153059,14.364150691043445
High Value,10827.598194902996,58.19886287708784,27.481435466103704
New,944.4137023366875,47.54636107926386,14.993379054804603
High Value,9740.358600533147,59.28156832980216,15.264946930360225
Low Value,2021.9057359895548,41.78579049051146,10.013067815225991
New,955.8993995114535,53.74038533006485,27.413380682510354
High Value,11927.758233589819,49.87628080913858,25.851896264182695
Low Value,3105.2615007956756,47.75297610911294,22.54657870181356
High Value,8885.016429984333,52.654237574972015,25.005315278776845
High Value,7260.394040841844,54.07714183268662,13.040971348489837
Medium Value,4911.717951648745,40.087265393006184,19.16647189175151
Medium Value,7579.709337654318,43.33906177494397,17.02438774697562
Low Value,1598.1627160151347,54.260921012686374,11.87553052514033
Medium Value,6639.116805444068,53.32770827156413,19.72260970429848
Low Value,2838.8504070382205,59.32095010257355,28.414793006852708
Medium Value,4446.411758292005,55.220755805015656,10.80118238101389
High Value,11137.966158370551,59.01545415462676,15.829218269875877
Low Value,2814.198311564269,54.05081003069614,14.15081872411407
Low Value,1810.4361295062565,45.96104417278886,14.762933073313926
High Value,9592.839279795277,42.10729844501713,28.168691037587507
Low Value,1709.1595430256782,55.63647726689871,19.361381084685803
Low Value,1492.6216346535666,52.88298442951832,19.325988258796375
Medium Value,4350.722454933993,40.96372024786592,25.211512849105645
Low Value,1388.029866618872,47.201009318019565,13.089844080098516
New,1010.2250404777678,59.13599630968572,19.745307082001016
High Value,8460.053537882717,50.00802291420403,18.599704282421193
Medium Value,5233.785911790747,48.65458272039409,21.93821381093312
Medium Value,3444.1043537963724,49.15399210318588,29.99115406500877
New,1099.264069664337,44.17765448010327,25.38897788164094
High Value,11667.05792321785,47.374143417295905,17.957314060348544
High Value,6012.52871485709,47.39626511974353,26.55106104548094
Medium Value,5374.056569847572,41.04710040374945,13.414167266249603
Low Value,2613.8344962366464,55.351352570358365,10.609273726179202
Medium Value,3790.3589813087947,48.330088638077584,14.08896744928546
High Value,13345.144773675407,56.44359773632847,16.808231122285193
New,1125.7057028098136,57.006960022397905,20.211615149191196
Medium Value,4294.988144241591,44.23988109397316,22.302582810823996
High Value,9888.461844684589,53.147069643402574,28.212114344288434
Medium Value,5558.326912521722,49.445636083259636,20.197080191009153
Low Value,2038.0026957062057,57.603134758429704,20.025512892514588
Medium Value,5538.755992446369,44.31481358352908,11.004860196459642
Medium Value,4079.326406920634,53.556264006200884,10.698231053124477
High Value,10338.721648072156,52.15504244505445,21.023199238327443
High Value,7172.571006190039,45.90602955143665,18.76357226496689
High Value,9777.547877302599,42.732018073023454,26.783607899605972
Medium Value,4096.09235853521,53.03279520954553,13.213591694236904
Low Value,1632.2350287051167,54.771949162646614,10.499433242340992
New,1370.8279525631312,46.312546875267,18.980775358602518
New,1327.3930361782807,52.89665208044627,14.74957113504515
High Value,11218.276241814354,47.90261815223006,10.992287466776748
High Value,7815.374470654842,54.264137665652356,24.49196573695258
Medium Value,4683.591550305198,43.98430549788106,12.23185999914495
New,1363.929309993755,57.80430005272349,22.166390000155435
High Value,10283.433827279809,45.748191929311595,15.620995003337782
Low Value,3159.664769990847,47.35571975512306,13.46992100710044
Low Value,2196.658919697186,41.161839041606996,17.595030458386347
High Value,10384.098232980063,42.23024424642553,26.028915524459073
High Value,9381.767071594997,50.31723805424656,17.841871538091453
New,1040.0622714346846,45.35185353455943,25.015392984221116
New,954.2590490858369,56.70960451484389,12.509725935983013
Medium Value,5708.10867668859,40.29386777309908,25.45542839330158
New,1287.0106950383752,47.58188097343872,14.738666498132973
Low Value,1607.0052697460253,46.746910935381855,23.547862597777456
Low Value,1334.3835232211109,40.38655261835202,21.315631096819928
High Value,6327.589253793407,42.487367980010205,28.582894344233747
New,1152.397398073763,48.272853498372704,17.74645035950628
Medium Value,3896.6333938261264,49.85729168894893,11.323303776688808
Low Value,923.5547035237585,48.08579494509738,10.383109711025059
Low Value,2194.289302265482,50.61875356824188,26.53717121945506
Medium Value,7492.9995174327905,51.90263349811363,20.494712753228644
Medium Value,4993.929088460107,40.19847642255671,25.504881036698986
Low Value,2419.245387225821,49.28190318907008,14.688512000230293
Low Value,2040.9146792737824,59.26998481775176,16.901674910264674
Medium Value,4901.110346808858,50.380645602590974,10.602077444226378
Low Value,2459.5382414938845,53.55084534917906,29.229846491482242
High Value,9419.450911622698,46.23727715833766,23.357358134016266
High Value,10534.784628143805,55.47982756305525,28.664101755186124
Medium Value,5321.6978061960135,55.4584296375223,15.309928148581447
New,799.5728639070853,50.42592095308278,22.229272224513217
Medium Value,5992.042349536523,59.520276465584274,23.569999365852755
Medium Value,4825.040243304591,42.511004295253066,16.35099400515177
New,773.2764521521466,40.33895329779162,26.9621847003126
New,1160.952953071121,55.403164235141915,28.943229258004955
New,730.4596054626888,56.143110747297655,27.697102353920087
High Value,10056.362314738257,42.404144582411526,24.78133951878745
Low Value,1995.4405016778983,45.31165665917212,15.54929359449908
High Value,12171.791131663156,40.351047267332575,15.632320842112634
Low Value,2237.3491164399766,45.86617221561129,29.267206408920757
High Value,9949.946082509712,55.46283747837343,10.20568991871384
Low Value,2408.8831496001435,50.359210554251575,24.32099946484289
High Value,12780.415098034628,46.96191186336576,24.124923251105244
New,1167.3430919055586,47.434785898126606,22.453790818995948
Medium Value,5010.352619843381,40.02707251430936,29.802176921737317
High Value,7376.327535299681,45.99601055130472,16.237588715274505
Low Value,1467.4431684623137,52.92917483275861,16.799437275864964
New,908.4325886935997,59.48388887632714,11.57878805893111
High Value,8780.975595681433,56.94121653967799,18.85596273087475
High Value,9626.057394029109,40.471899292910585,15.220970524696963
New,1016.9949774691321,57.97121209349679,16.867734043552886
High Value,11059.385508713462,55.66396826597252,26.691435805112555
Medium Value,4929.501221940909,55.60752247141961,28.709690270549913
High Value,10973.003287652404,49.15991518007143,13.714661440103713
Medium Value,5064.47441481012,47.960105859090056,17.450178631069317
Medium Value,3024.5334336461287,46.058314576663854,28.572611242307882
New,718.1993818543738,41.31389717908731,11.236169213784454
High Value,9711.824888556768,44.564707269873985,11.84721056222757
New,637.0915771476677,44.93207269956049,13.255819784124586
High Value,11199.857459992409,49.68154139420403,21.904256682537493
High Value,13061.501664687396,54.94888813193388,13.009445420119949
Low Value,2609.380925848658,49.47619656795894,29.36152762901467
High Value,9573.114258139583,41.15688898894321,18.934290545170406
New,1447.2178410549857,59.15579601976408,20.03035920700333
Medium Value,5148.667457202111,58.854486381882246,14.93317231610813
High Value,9325.828057763922,55.70379086296817,19.41920504869467
Low Value,1693.29866822953,59.82655803128441,23.23827265274023
New,909.2590940535615,50.889646656005254,25.023542739080856
High Value,9223.646362917543,59.25536700506412,25.07736165419826
New,1051.1248667126463,41.512100812335014,21.557822253881767
Low Value,2080.286990524932,47.31361496522743,28.087195499877144
Low Value,2001.5230100767071,44.507625360135314,26.348156946122188
New,1131.0814509239049,43.9166616826854,25.140962293972507
High Value,12381.292549572683,42.81605897785352,11.112110433609212
Medium Value,5949.5541354413235,52.44827283131993,10.137559244392985
Low Value,1257.5510157750482,55.6264371149461,14.248945543909459
High Value,4892.157730196091,51.56596798840721,23.270471878269046
High Value,11868.639822478548,42.93925419176419,18.223949777650915
Medium Value,3633.1213015845788,56.22247539866942,18.048125185986237
Low Value,1887.6172990536581,52.71909414327457,27.691737764592276
Low Value,1414.9434869703202,47.76331412253991,27.911256962636774
High Value,6396.039124839961,53.48260591072126,28.183505281071714
High Value,11082.925456409575,45.19809958485666,16.277561530300545
Medium Value,5759.155160302647,46.90384416988421,23.821116254785235
Medium Value,4423.489599273281,58.34971686263981,15.432663625487393
Low Value,704.4788539275451,45.81009011342841,13.812196661488995
New,836.1266655242551,49.399765363158735,13.692649146947385
Low Value,2195.9020027012734,57.80282274792029,16.84215241727188
High Value,7042.176862451743,54.15442700535055,18.599152395596434
Low Value,2091.6799598895777,41.24406452329406,26.61898342110137
New,995.4070452481013,42.946060885579406,12.397821869454242
Medium Value,5579.291499601089,40.15683181543834,24.698516947897886
New,1035.874110524246,52.61843580458327,20.629098283786107
New,708.0793177355333,48.95346850820837,15.75890685351985
New,1358.9714504993474,42.68549701804551,19.856391690656494
Medium Value,4841.47042697303,59.15868242113541,15.998841395540452
New,991.8086381470205,50.593194478912395,21.921639104766122
New,720.0196122780412,44.83786588225779,18.676878457104884
New,867.015324642547,50.01207142309415,13.288110581577575
High Value,8230.394571946199,53.59240665470216,12.331661491113934
New,948.1161820229731,41.52478435947129,20.9339136414426
Medium Value,6711.708480142343,45.49407630095784,28.04826066572207
New,588.4296571205931,56.13930981767987,16.87915373115371
New,515.9315806369777,49.193297408053226,24.660002144452463
Medium Value,6471.170327493608,50.931542840645896,23.173227098795337
New,937.2028968544402,48.656320044189385,28.63109828618962
Medium Value,4330.9272613400835,40.8779988528601,26.419620345982818
New,1311.971406218823,43.31499559640312,21.33210517810926
Medium Value,4394.384460263136,48.910832774837814,23.140609964682145
New,1547.8029140640808,44.183709308158555,27.967729331680697
New,1203.3777614017808,40.999580573193576,17.990375691738695
High Value,9024.177183708594,56.87299328103647,16.535894117155546
High Value,14314.616426531007,59.62385058328232,10.216221672703927
New,818.2855230989985,55.86285747993479,26.531021483829285
New,1222.628611602792,57.07569843409334,26.019614008067297
Low Value,2149.646290203246,44.839542606340906,12.089090362003027
